paper,study,condition,time.year,time.month,time.day,time.hour,date.time,ID,age,gender,ethn,born,raised,methn,mborn,mraised,mgfethn,mgfborn,mgfraised,mgmethn,mgmborn,mgmraised,pethn,pborn,praised,pgfethn,pgfborn,pgfraised,pgmethn,pgmborn,pgmraised,famSES,famincome,finanindep,indSES,indincome,livewith,educ,major,r.acti.raw,r.alar.raw,r.aler.raw,r.angr.raw,r.anxi.raw,r.appr.raw,r.arou.raw,r.asha.raw,r.asto.raw,r.atre.raw,r.bore.raw,r.calm.raw,r.chee.raw,r.comp.raw,r.conc.raw,r.contemptuous.raw,r.content.raw,r.dese.raw,r.disg.raw,r.distressed.raw,r.disturbed.raw,r.dull.raw,r.elat.raw,r.emba.raw,r.empa.raw,r.ener.raw,r.enth.raw,r.euph.raw,r.exci.raw,r.fati.raw,r.fear.raw,r.frus.raw,r.grie.raw,r.guil.raw,r.happ.raw,r.host.raw,r.humi.raw,r.idle.raw,r.inac.raw,r.irri.raw,r.jeal.raw,r.joyx.raw,r.lone.raw,r.nerv.raw,r.noem.raw,r.pass.raw,r.peac.raw,r.pity.raw,r.plea.raw,r.prou.raw,r.quie.raw,r.rela.raw,r.resp.raw,r.rest.raw,r.sadx.raw,r.sati.raw,r.sere.raw,r.slee.raw,r.slug.raw,r.soci.raw,r.soft.raw,r.stil.raw,r.stre.raw,r.stro.raw,r.surp.raw,r.symp.raw,r.unha.raw,r.unpl.raw,r.warm.raw,r.worr.raw,i.acti.raw,i.alar.raw,i.aler.raw,i.angr.raw,i.anxi.raw,i.appr.raw,i.arou.raw,i.asha.raw,i.asto.raw,i.atre.raw,i.bore.raw,i.calm.raw,i.chee.raw,i.comp.raw,i.conc.raw,i.contemptuous.raw,i.content.raw,i.dese.raw,i.disg.raw,i.distressed.raw,i.disturbed.raw,i.dull.raw,i.elat.raw,i.emba.raw,i.empa.raw,i.ener.raw,i.enth.raw,i.euph.raw,i.exci.raw,i.fati.raw,i.fear.raw,i.frus.raw,i.grie.raw,i.guil.raw,i.happ.raw,i.host.raw,i.humi.raw,i.idle.raw,i.inac.raw,i.irri.raw,i.jeal.raw,i.joyx.raw,i.lone.raw,i.nerv.raw,i.noem.raw,i.pass.raw,i.peac.raw,i.pity.raw,i.plea.raw,i.prou.raw,i.quie.raw,i.rela.raw,i.resp.raw,i.rest.raw,i.sadx.raw,i.sati.raw,i.sere.raw,i.slee.raw,i.slug.raw,i.soci.raw,i.soft.raw,i.stil.raw,i.stre.raw,i.stro.raw,i.surp.raw,i.symp.raw,i.unha.raw,i.unpl.raw,i.warm.raw,i.worr.raw,r.acti.ips.them,r.alar.ips.them,r.aler.ips.them,r.angr.ips.them,r.anxi.ips.them,r.appr.ips.them,r.arou.ips.them,r.asha.ips.them,r.asto.ips.them,r.atre.ips.them,r.bore.ips.them,r.calm.ips.them,r.chee.ips.them,r.comp.ips.them,r.conc.ips.them,r.contemptuous.ips.them,r.content.ips.them,r.dese.ips.them,r.disg.ips.them,r.distressed.ips.them,r.disturbed.ips.them,r.dull.ips.them,r.elat.ips.them,r.emba.ips.them,r.empa.ips.them,r.ener.ips.them,r.enth.ips.them,r.euph.ips.them,r.exci.ips.them,r.fati.ips.them,r.fear.ips.them,r.frus.ips.them,r.grie.ips.them,r.guil.ips.them,r.happ.ips.them,r.host.ips.them,r.humi.ips.them,r.idle.ips.them,r.inac.ips.them,r.irri.ips.them,r.jeal.ips.them,r.joyx.ips.them,r.lone.ips.them,r.nerv.ips.them,r.noem.ips.them,r.pass.ips.them,r.peac.ips.them,r.pity.ips.them,r.plea.ips.them,r.prou.ips.them,r.quie.ips.them,r.rela.ips.them,r.resp.ips.them,r.rest.ips.them,r.sadx.ips.them,r.sati.ips.them,r.sere.ips.them,r.slee.ips.them,r.slug.ips.them,r.soci.ips.them,r.soft.ips.them,r.stil.ips.them,r.stre.ips.them,r.stro.ips.them,r.surp.ips.them,r.symp.ips.them,r.unha.ips.them,r.unpl.ips.them,r.warm.ips.them,r.worr.ips.them,i.acti.ips.them,i.alar.ips.them,i.aler.ips.them,i.angr.ips.them,i.anxi.ips.them,i.appr.ips.them,i.arou.ips.them,i.asha.ips.them,i.asto.ips.them,i.atre.ips.them,i.bore.ips.them,i.calm.ips.them,i.chee.ips.them,i.comp.ips.them,i.conc.ips.them,i.contemptuous.ips.them,i.content.ips.them,i.dese.ips.them,i.disg.ips.them,i.distressed.ips.them,i.disturbed.ips.them,i.dull.ips.them,i.elat.ips.them,i.emba.ips.them,i.empa.ips.them,i.ener.ips.them,i.enth.ips.them,i.euph.ips.them,i.exci.ips.them,i.fati.ips.them,i.fear.ips.them,i.frus.ips.them,i.grie.ips.them,i.guil.ips.them,i.happ.ips.them,i.host.ips.them,i.humi.ips.them,i.idle.ips.them,i.inac.ips.them,i.irri.ips.them,i.jeal.ips.them,i.joyx.ips.them,i.lone.ips.them,i.nerv.ips.them,i.noem.ips.them,i.pass.ips.them,i.peac.ips.them,i.plea.ips.them,i.pity.ips.them,i.prou.ips.them,i.quie.ips.them,i.rela.ips.them,i.resp.ips.them,i.rest.ips.them,i.sadx.ips.them,i.sati.ips.them,i.sere.ips.them,i.slee.ips.them,i.slug.ips.them,i.soci.ips.them,i.soft.ips.them,i.stil.ips.them,i.stre.ips.them,i.stro.ips.them,i.surp.ips.them,i.symp.ips.them,i.unha.ips.them,i.unpl.ips.them,i.warm.ips.them,i.worr.ips.them,r.HAP.raw.them,r.LAP.raw.them,r.HAN.raw.them,r.LAN.raw.them,r.POS.raw.them,r.NEG.raw.them,r.HA.raw.them,r.LA.raw.them,i.HAP.raw.them,i.LAP.raw.them,i.HAN.raw.them,i.LAN.raw.them,i.POS.raw.them,i.NEG.raw.them,i.HA.raw.them,i.LA.raw.them,r.HAP.ips.them,r.LAP.ips.them,r.HAN.ips.them,r.LAN.ips.them,r.POS.ips.them,r.NEG.ips.them,r.HA.ips.them,r.LA.ips.them,i.HAP.ips.them,i.LAP.ips.them,i.HAN.ips.them,i.LAN.ips.them,i.POS.ips.them,i.NEG.ips.them,i.HA.ips.them,i.LA.ips.them
2006 Tsai,study1,,,,,,,subnum,age,sex,ethn,,,momethn,mompob,,,,,,,,dadethn,dadpob,,,,,,,,,,,ses,,,,,,,,,,,r$arou,,r$asto,,,r$calm,,,,,r$cont,,,,,r$dull,r$elat,,,,r$enth,r$euph,r$exci,,r$fear,,,,r$happ,r$host,,,,,,,r$lone,r$nerv,,r$pass,r$peac,,,,r$quie,r$rela,,r$rest,r$sadx,r$sati,r$sere,r$slee,r$slug,,,r$stil,,r$stro,r$surp,,r$unha,,,,,,,,,,i$arou,,i$asto,,,i$calm,,,,,i$cont,,,,,i$dull,i$elat,,,,i$enth,i$euph,i$exci,,i$fear,,,,i$happ,i$host,,,,,,,i$lone,i$nerv,,i$pass,i$peac,,,,i$quie,i$rela,,i$rest,i$sadx,i$sati,i$sere,i$slee,i$slug,,,i$stil,,i$stro,i$surp,,i$unha,,,,,,,,,,r$arou1i,,r$asto1i,,,r$calm1i,,,,,r$cont1i,,,,,r$dull1i,r$elat1i,,,,r$enth1i,r$euph1i,r$exci1i,,r$fear1i,,,,r$happ1i,r$host1i,,,,,,,r$lone1i,r$nerv1i,,r$pass1i,r$peac1i,,,,r$quie1i,r$rela1i,,r$rest1i,r$sadx1i,r$sati1i,r$sere1i,r$slee1i,r$slug1i,,,r$stil1i,,r$stro1i,r$surp1i,,r$unha1i,,,,,,,,,,i$arou1i,,i$asto1i,,,i$calm1i,,,,,i$cont1i,,,,,i$dull1i,i$elat1i,,,,i$enth1i,i$euph1i,i$exci1i,,i$fear1i,,,,i$happ1i,i$host1i,,,,,,,i$lone1i,i$nerv1i,,i$pass1i,i$peac1i,,,,i$quie1i,i$rela1i,,i$rest1i,i$sadx1i,i$sati1i,i$sere1i,i$slee1i,i$slug1i,,,i$stil1i,,i$stro1i,i$surp1i,,i$unha1i,,,,r$hpa,r$lpa,r$hna,r$lna,r$ple,r$unp,r$eng,r$dis,i$hpa,i$lpa,i$hna,i$lna,i$ple,i$unp,i$eng,i$dis,r$hpa1i,r$lpa1i,r$hna1i,r$lna1i,r$ple1i,r$unp1i,r$eng1i,r$dis1i,i$hpa1i,i$lpa1i,i$hna1i,i$lna1i,i$ple1i,i$unp1i,i$eng1i,i$dis1i
2006 Tsai,study2,,,,,,,subnum,age,sex,group5,pob,pra,methn,mpob,mpra,mgfeth,mgfpob,mgfpra,mgmeth,mgmpob,mgmpra,fethn,fpob,fpra,pgfeth,pgfpob,pgfpra,pgmeth,pgmpob,pgmpra,,,,ses,,living,,,,,,,,,r$arou1,,r$asto1,,,r$calm1,,,,,r$cont1,,,,,r$dull1,r$elat1,,,,r$enth1,r$euph1,r$exci1,,r$fear1,,,,r$happ1,r$host1,,,,,,,r$lone1,r$nerv1,,r$pass1,r$peac1,,,,r$quie1,r$rela1,,r$rest1,r$sadx1,r$sati1,r$sere1,r$slee1,r$slug1,,,r$stil1,,r$stro1,r$surp1,,r$unha1,,,,,,,,,,i$arou1,,i$asto1,,,i$calm1,,,,,i$cont1,,,,,i$dull1,i$elat1,,,,i$enth1,i$euph1,i$exci1,,i$fear1,,,,i$happ1,i$host1,,,,,,,i$lone1,i$nerv1,,i$pass1,i$peac1,,,,i$quie1,i$rela1,,i$rest1,i$sadx1,i$sati1,i$sere1,i$slee1,i$slug1,,,i$stil1,,i$stro1,i$surp1,,i$unha1,,,,,,,,,,r$arou1i,,r$asto1i,,,r$calm1i,,,,,r$cont1i,,,,,r$dull1i,r$elat1i,,,,r$enth1i,r$euph1i,r$exci1i,,r$fear1i,,,,r$happ1i,r$host1i,,,,,,,r$lone1i,r$nerv1i,,r$pass1i,r$peac1i,,,,r$quie1i,r$rela1i,,r$rest1i,r$sadx1i,r$sati1i,r$sere1i,r$slee1i,r$slug1i,,,r$stil1i,,r$stro1i,r$surp1i,,r$unha1i,,,,,,,,,,i$arou1i,,i$asto1i,,,i$calm1i,,,,,i$cont1i,,,,,i$dull1i,i$elat1i,,,,i$enth1i,i$euph1i,i$exci1i,,i$fear1i,,,,i$happ1i,i$host1i,,,,,,,i$lone1i,i$nerv1i,,i$pass1i,i$peac1i,,,,i$quie1i,i$rela1i,,i$rest1i,i$sadx1i,i$sati1i,i$sere1i,i$slee1i,i$slug1i,,,i$stil1i,,i$stro1i,i$surp1i,,i$unha1i,,,,r$HPA1,r$LPA1,r$HNA1,r$LNA1,r$PLE1,r$UNP1,r$ENG1,r$DIS1,i$HPA1,i$LPA1,i$HNA1,i$LNA1,i$PLE1,i$UNP1,i$ENG1,i$DIS1,r$hap3i,r$lap3i,,,,,,,i$hap3i,i$lap3i,,,,,,
2018 Bencharit,study1,,,,,,,ID,D_Age,D_Gender,Ethnicity,D_BirthplaceFull,D_PlaceRaised,D_MotherEthnicity,D_MotherBorn,,,D_MaternalGrandfatherBorn,,,D_MaternalGrandmotherBorn,,D_FatherEthnicity,D_FatherBorn,,,D_PaternalGrandfatherBorn,,,D_PaternalGrandmotherBorn,,,,,,,,,D_Major,,,,,,,S_A_Aroused,,S_A_Astonished,,,S_A_Calm,,,,,S_A_Content,,,,,S_A_Dull,S_A_Elated,,,S_A_Energetic,S_A_Enthusiastic,S_A_Euphoric,S_A_Excited,,S_A_Fearful,,,,S_A_Happy,S_A_Hostile,,S_A_Idle,S_A_Inactive,,,,S_A_Lonely,S_A_Nervous,,S_A_Passive,S_A_Peaceful,,,,S_A_Quiet,S_A_Relaxed,,S_A_Rested,S_A_Sad,S_A_Satisfied,S_A_Serene,S_A_Sleepy,S_A_Sluggish,,,S_A_Still,,S_A_Strong,S_A_Surprised,,S_A_Unhappy,,,,,,,,,,S_I_Aroused,,S_I_Astonished,,,S_I_Calm,,,,,S_I_Content,,,,,S_I_Dull,S_I_Elated,,,S_I_Energetic,S_I_Enthusiastic,S_I_Euphoric,S_I_Excited,,S_I_Fearful,,,,S_I_Happy,S_I_Hostile,,S_I_Idle,S_I_Inactive,,,,S_I_Lonely,S_I_Nervous,,S_I_Passive,S_I_Peaceful,,,,S_I_Quiet,S_I_Relaxed,,S_I_Rested,S_I_Sad,S_I_Satisfied,S_I_Serene,S_I_Sleepy,S_I_Sluggish,,,S_I_Still,,S_I_Strong,S_I_Surprised,,S_I_Unhappy,,,,,,,,,,S_A_Aroused_i,,S_A_Astonished_i,,,S_A_Calm_i,,,,,S_A_Content_i,,,,,S_A_Dull_i,S_A_Elated_i,,,S_A_Energetic_i,S_A_Enthusiastic_i,S_A_Euphoric_i,S_A_Excited_i,,S_A_Fearful_i,,,,S_A_Happy_i,S_A_Hostile_i,,S_A_Idle_i,S_A_Inactive_i,,,,S_A_Lonely_i,S_A_Nervous_i,,S_A_Passive_i,S_A_Peaceful_i,,,,S_A_Quiet_i,S_A_Relaxed_i,,S_A_Rested_i,S_A_Sad_i,S_A_Satisfied_i,S_A_Serene_i,S_A_Sleepy_i,S_A_Sluggish_i,,,S_A_Still_i,,,S_A_Surprised_i,,S_A_Unhappy_i,,,,,,,,,,S_I_Aroused_i,,S_I_Astonished_i,,,S_I_Calm_i,,,,,S_I_Content_i,,,,,S_I_Dull_i,S_I_Elated_i,,,S_I_Energetic_i,S_I_Enthusiastic_i,S_I_Euphoric_i,S_I_Excited_i,,S_I_Fearful_i,,,,S_I_Happy_i,S_I_Hostile_i,,S_I_Idle_i,S_I_Inactive_i,,,,S_I_Lonely_i,S_I_Nervous_i,,S_I_Passive_i,S_I_Peaceful_i,,,,S_I_Quiet_i,S_I_Relaxed_i,,S_I_Rested_i,S_I_Sad_i,S_I_Satisfied_i,S_I_Serene_i,S_I_Sleepy_i,S_I_Sluggish_i,,,S_I_Still_i,,,S_I_Surprised_i,,S_I_Unhappy_i,,,,S_A_HAP,S_A_LAP,S_A_HAN,S_A_LAN,S_A_POS,S_A_NEG,S_A_HA,S_A_LA,S_I_HAP,S_I_LAP,S_I_HAN,S_I_LAN,S_I_POS,S_I_NEG,S_I_HA,S_I_LA,S_A_HAP_i,S_A_LAP_i,S_A_HAN_i,S_A_LAN_i,S_A_POS_i,S_A_NEG_i,S_A_HA_i,S_A_LA_i,S_I_HAP_i,S_I_LAP_i,S_I_HAN_i,S_I_LAN_i,S_I_POS_i,S_I_NEG_i,S_I_HA_i,S_I_LA_i
2018 Bencharit,study2,,,,,,,ID,D_Age,D_Gender1Male,Ethnicity,D_BirthplaceUncoded,,D_MotherEthnicity,D_MotherBornInUS1Yes,,D_MaternalGrandfatherBackground,D_MaternalGrandfatherBorn,D_MaternalGrandfatherRaised,D_MaternalGrandmotherBackground,D_MaternalGrandmotherBorn,D_MaternalGrandmotherRaised,D_FatherEthnicity,D_FatherBornInUS1Yes,,D_PaternalGrandfatherBackground,D_PaternalGrandfatherBorn,D_PaternalGrandfatherRaised,D_PaternalGrandmotherBackground,D_PaternalGrandmotherBorn,D_PaternalGrandmotherRaised,,,,,,,,,,,,,,,b_A_Aroused,,b_A_Astonished,,,b_A_Calm,,,,,b_A_Content,,,,,b_A_Dull,b_A_Elated,,,b_A_Energetic,b_A_Enthusiastic,,b_A_Excited,,b_A_Fearful,,,,b_A_Happy,b_A_Hostile,,b_A_Idle,b_A_Inactive,,,,b_A_Lonely,b_A_Nervous,,b_A_Passive,b_A_Peaceful,,,,b_A_Quiet,b_A_Relaxed,,b_A_Rested,b_A_Sad,b_A_Satisfied,b_A_Serene,b_A_Sleepy,b_A_Sluggish,,,b_A_Still,,b_A_Strong,b_A_Surprised,,b_A_Unhappy,,,,,,,,,,b_I_Aroused,,b_I_Astonished,,,b_I_Calm,,,,,b_I_Content,,,,,b_I_Dull,b_I_Elated,,,b_I_Energetic,b_I_Enthusiastic,,b_I_Excited,,b_I_Fearful,,,,b_I_Happy,b_I_Hostile,,b_I_Idle,b_I_Inactive,,,,b_I_Lonely,b_I_Nervous,,b_I_Passive,b_I_Peaceful,,,,b_I_Quiet,b_I_Relaxed,,b_I_Rested,b_I_Sad,b_I_Satisfied,b_I_Serene,b_I_Sleepy,b_I_Sluggish,,,b_I_Still,,b_I_Strong,b_I_Surprised,,b_I_Unhappy,,,,,,,,,,b_A_Aroused_i,,b_A_Astonished_i,,,b_A_Calm_i,,,,,b_A_Content_i,,,,,b_A_Dull_i,b_A_Elated_i,,,b_A_Energetic_i,b_A_Enthusiastic_i,,b_A_Excited_i,,b_A_Fearful_i,,,,b_A_Happy_i,b_A_Hostile_i,,b_A_Idle_i,b_A_Inactive_i,,,,b_A_Lonely_i,b_A_Nervous_i,,b_A_Passive_i,b_A_Peaceful_i,,,,b_A_Quiet_i,b_A_Relaxed_i,,b_A_Rested_i,b_A_Sad_i,b_A_Satisfied_i,b_A_Serene_i,b_A_Sleepy_i,b_A_Sluggish_i,,,b_A_Still_i,,b_A_Strong_i,b_A_Surprised_i,,b_A_Unhappy_i,,,,,,,,,,b_I_Aroused_i,,b_I_Astonished_i,,,b_I_Calm_i,,,,,b_I_Content_i,,,,,b_I_Dull_i,b_I_Elated_i,,,b_I_Energetic_i,b_I_Enthusiastic_i,,b_I_Excited_i,,b_I_Fearful_i,,,,b_I_Happy_i,b_I_Hostile_i,,b_I_Idle_i,b_I_Inactive_i,,,,b_I_Lonely_i,b_I_Nervous_i,,b_I_Passive_i,b_I_Peaceful_i,,,,b_I_Quiet_i,b_I_Relaxed_i,,b_I_Rested_i,b_I_Sad_i,b_I_Satisfied_i,b_I_Serene_i,b_I_Sleepy_i,b_I_Sluggish_i,,,b_I_Still_i,,b_I_Strong_i,b_I_Surprised_i,,b_I_Unhappy_i,,,,b_A_HAP,b_A_LAP,b_A_HAN,b_A_LAN,b_A_POS,b_A_NEG,b_A_HA,b_A_LA,b_I_HAP,b_I_LAP,b_I_HAN,b_I_LAN,b_I_POS,b_I_NEG,b_I_HA,b_I_LA,b_A_HAP_i,b_A_LAP_i,b_A_HAN_i,b_A_LAN_i,b_A_POS_i,b_A_NEG_i,b_A_HA_i,b_A_LA_i,b_I_HAP_i,b_I_LAP_i,b_I_HAN_i,b_I_LAN_i,b_I_POS_i,b_I_NEG_i,b_I_HA_i,b_I_LA_i
2018 Bencharit,study3,,,,,,EndDate,ResponseID,Age,Gender,Ethnicity,,,,,,,,,,,,,,,,,,,,,,,,SES,Income,,,,,,,,,,A_Aroused,,A_Astonished,,,A_Calm,,,,,A_Content,,,,,A_Dull,A_Elated,,,A_Energetic,A_Enthusiastic,A_Euphoric,A_Excited,,A_Fearful,,,,A_Happy,A_Hostile,,A_Idle,A_Inactive,,,,A_Lonely,A_Nervous,,A_Passive,A_Peaceful,,,,A_Quiet,A_Relaxed,,A_Rested,A_Sad,A_Satisfied,A_Serene,A_Sleepy,A_Sluggish,,,A_Still,,A_Strong,A_Surprised,,A_Unhappy,,,,,,,,,,I_Aroused,,I_Astonished,,,I_Calm,,,,,I_Content,,,,,I_Dull,I_Elated,,,I_Energetic,I_Enthusiastic,I_Euphoric,I_Excited,,I_Fearful,,,,I_Happy,I_Hostile,,I_Idle,I_Inactive,,,,I_Lonely,I_Nervous,,I_Passive,I_Peaceful,,,,I_Quiet,I_Relaxed,,I_Rested,I_Sad,I_Satisfied,I_Serene,I_Sleepy,I_Sluggish,,,I_Still,,I_Strong,I_Surprised,,I_Unhappy,,,,,,,,,,A_Aroused_i,,A_Astonished_i,,,A_Calm_i,,,,,A_Content_i,,,,,A_Dull_i,A_Elated_i,,,A_Energetic_i,A_Enthusiastic_i,A_Euphoric_i,A_Excited_i,,A_Fearful_i,,,,A_Happy_i,A_Hostile_i,,A_Idle_i,A_Inactive_i,,,,A_Lonely_i,A_Nervous_i,,A_Passive_i,A_Peaceful_i,,,,A_Quiet_i,A_Relaxed_i,,A_Rested_i,A_Sad_i,A_Satisfied_i,A_Serene_i,A_Sleepy_i,A_Sluggish_i,,,A_Still_i,,A_Strong_i,A_Surprised_i,,A_Unhappy_i,,,,,,,,,,I_Aroused_i,,I_Astonished_i,,,I_Calm_i,,,,,I_Content_i,,,,,I_Dull_i,I_Elated_i,,,I_Energetic_i,I_Enthusiastic_i,I_Euphoric_i,I_Excited_i,,I_Fearful_i,,,,I_Happy_i,I_Hostile_i,,I_Idle_i,I_Inactive_i,,,,I_Lonely_i,I_Nervous_i,,I_Passive_i,I_Peaceful_i,,,,I_Quiet_i,I_Relaxed_i,,I_Rested_i,I_Sad_i,I_Satisfied_i,I_Serene_i,I_Sleepy_i,I_Sluggish_i,,,I_Still_i,,I_Strong_i,I_Surprised_i,,I_Unhappy_i,,,,A_HAP,A_LAP,A_HAN,A_LAN,A_POS,A_NEG,A_HA,A_LA,I_HAP,I_LAP,I_HAN,I_LAN,I_POS,I_NEG,I_HA,I_LA,A_HAP_i,A_LAP_i,A_HAN_i,A_LAN_i,A_POS_i,A_NEG_i,A_HA_i,A_LA_i,I_HAP_i,I_LAP_i,I_HAN_i,I_LAN_i,I_POS_i,I_NEG_i,I_HA_i,I_LA_i
2018 Bencharit,study4a,,,,,,EndDate,ResponseID,Age,Gender,Ethnicity,Born,,MotherEthnicity,MotherBorn,,,,,,,,FatherEthnicity,FatherBorn,,,,,,,,Family_Income,,,SES,Self_income,,,,,,,,,,A_Aroused,,A_Astonished,,,A_Calm,,,,,A_Content,,,,,A_Dull,A_Elated,,,A_Energetic,A_Enthusiastic,A_Euphoric,A_Excited,,A_Fearful,,,,A_Happy,A_Hostile,,A_Idle,A_Inactive,,,,A_Lonely,A_Nervous,,A_Passive,A_Peaceful,,,,A_Quiet,A_Relaxed,,A_Rested,A_Sad,A_Satisfied,A_Serene,A_Sleepy,A_Sluggish,,,A_Still,,A_Strong,A_Surprised,,A_Unhappy,,,,,,,,,,I_Aroused,,I_Astonished,,,I_Calm,,,,,I_Content,,,,,I_Dull,I_Elated,,,I_Energetic,I_Enthusiastic,I_Euphoric,I_Excited,,I_Fearful,,,,I_Happy,I_Hostile,,I_Idle,I_Inactive,,,,I_Lonely,I_Nervous,,I_Passive,I_Peaceful,,,,I_Quiet,I_Relaxed,,I_Rested,I_Sad,I_Satisfied,I_Serene,I_Sleepy,I_Sluggish,,,I_Still,,I_Strong,I_Surprised,,I_Unhappy,,,,,,,,,,A_Aroused_i,,A_Astonished_i,,,A_Calm_i,,,,,A_Content_i,,,,,A_Dull_i,A_Elated_i,,,A_Energetic_i,A_Enthusiastic_i,A_Euphoric_i,A_Excited_i,,A_Fearful_i,,,,A_Happy_i,A_Hostile_i,,A_Idle_i,A_Inactive_i,,,,A_Lonely_i,A_Nervous_i,,A_Passive_i,A_Peaceful_i,,,,A_Quiet_i,A_Relaxed_i,,A_Rested_i,A_Sad_i,A_Satisfied_i,A_Serene_i,A_Sleepy_i,A_Sluggish_i,,,A_Still_i,,A_Strong_i,A_Surprised_i,,A_Unhappy_i,,,,,,,,,,I_Aroused_i,,I_Astonished_i,,,I_Calm_i,,,,,I_Content_i,,,,,I_Dull_i,I_Elated_i,,,I_Energetic_i,I_Enthusiastic_i,I_Euphoric_i,I_Excited_i,,I_Fearful_i,,,,I_Happy_i,I_Hostile_i,,I_Idle_i,I_Inactive_i,,,,I_Lonely_i,I_Nervous_i,,I_Passive_i,I_Peaceful_i,,,,I_Quiet_i,I_Relaxed_i,,I_Rested_i,I_Sad_i,I_Satisfied_i,I_Serene_i,I_Sleepy_i,I_Sluggish_i,,,I_Still_i,,I_Strong_i,I_Surprised_i,,I_Unhappy_i,,,,A_HAP,A_LAP,A_HAN,A_LAN,A_POS,A_NEG,A_HA,A_LA,I_HAP,I_LAP,I_HAN,I_LAN,I_POS,I_NEG,I_HA,I_LA,A_HAP_i,A_LAP_i,A_HAN_i,A_LAN_i,A_POS_i,A_NEG_i,A_HA_i,A_LA_i,I_HAP_i,I_LAP_i,I_HAN_i,I_LAN_i,I_POS_i,I_NEG_i,I_HA_i,I_LA_i
2013 Koopman-Holm,study1,,,,,,,ID,Age,gender,ethnicit,usborn,usgrow,,,,,,,,,,,,,,,,,,,,,,,,,,,,aalarmed,,aangry,,,,,,,,acalm,,acompass,aconcern,,acontent,,,adistres,distur3,adull,,,aempathi,,aenthusi,aeuphori,,,,afrustra,agrieved,,ahappy,hostil3,,,,,,,lonely3,,,,apeacefu,,,,aquiet,,,,asad,,,asleepy,,,asofthea,astill,,,asurpris,,,,warm3,aworried,,balarmed,,bangry,,,,,,,,bcalm,,bcompass,bconcern,,bcontent,,,bdistres,distur4,bdull,,,bempathi,,benthusi,beuphori,,,,bfrustra,bgrieved,,bhappy,hostil4,,,,,,,lonely4,,,,bpeacefu,,,,bquiet,,,,bsad,,,bsleepy,,,bsofthea,bstill,,,bsurpris,,,,warm4,bworried,,aalarmedi,,aangryi,,,,,,,,acalmi,,acompassi,aconcerni,,acontenti,,,adistresi,distur3i,adulli,,,aempathii,,aenthusii,aeuphorii,,,,afrustrai,agrievedi,,ahappyi,hostil3i,,,,,,,lonely3i,,,,apeacefui,,,,aquieti,,,,asadi,,,asleepyi,,,asoftheai,astilli,,,asurprisi,,,,warm3i,aworriedi,,balarmedi,,bangryi,,,,,,,,bcalmi,,bcompassi,bconcerni,,bcontenti,,,bdistresi,distur4i,bdulli,,,bempathii,,benthusii,beuphorii,,,,bfrustrai,bgrievedi,,bhappyi,hostil4i,,,,,,,lonely4i,,,,bpeacefui,,,,bquieti,,,,bsadi,,,bsleepyi,,,bsoftheai,bstilli,,,bsurprisi,,,,warm4i,bworriedi,r$hap1,r$lap2,,,r$p,,,,i$hap1,i$lap2,,,i$p,,,,r$hap1i,r$lap2i,,,r$pi,,,,,,,,i$pi,,,
2013 Koopman-Holm,study2,group,,,,,date3,snum,age,gender,ethncat,placebirth,placegrow,mothercultural,motherborn,motherraised,matgrandfcultural,matgrandfborn,matgrandfraised,matgrandmcultural,matgrandmborn,matgrandmraised,fathercultural,fatherborn,fatherraised,patgrandfcultural,patgrandfborn,patgrandfraised,patgrandmcultural,patgrandmborn,patgrandmraised,famSES,famincome,finanindep,indSES,indincome,livewith,,,r$acti1,,,r$angr1,,,,r$asha1,r$asto1,,,r$calm1,,,,r$conp1,r$cont1,,r$disg1,,,r$dull1,r$elat1,,,,r$enth1,r$euph1,r$exci1,r$fati1,r$fear1,,,r$guilt1,r$happ1,r$host1,,r$idle1,r$inac1,,,,r$lone1,r$nerv1,,r$pass1,r$peac1,,,,r$quie1,r$rela1,,r$rest1,r$sadx1,r$sati1,r$sere1,r$slee1,r$slug1,,,r$stil1,r$stre1,r$stro1,r$surp1,,r$unha1,,,,i$acti1,,,i$angr1,,,,i$asha1,i$asto1,,,i$calm1,,,,i$conp1,i$cont1,,i$disg1,,,i$dull1,i$elat1,,,,i$enth1,i$euph1,i$exci1,i$fati1,i$fear1,,,i$guilt1,i$happ1,i$host1,,i$idle1,i$inac1,,,,i$lone1,i$nerv1,,i$pass1,i$peac1,,,,i$quie1,i$rela1,,i$rest1,i$sadx1,i$sati1,i$sere1,i$slee1,i$slug1,,,i$stil1,i$stre1,i$stro1,i$surp1,,i$unha1,,,,r$acti1i,,,r$angr1i,,,,r$asha1i,r$asto1i,,,r$calm1i,,,,r$conp1i,r$cont1i,,r$disg1i,,,r$dull1i,r$elat1i,,,,r$enth1i,r$euph1i,r$exci1i,r$fati1i,r$fear1i,,,r$guilt1i,r$happ1i,r$host1i,,r$idle1i,r$inac1i,,,,r$lone1i,r$nerv1i,,r$pass1i,r$peac1i,,,,r$quie1i,r$rela1i,,r$rest1i,r$sadx1i,r$sati1i,r$sere1i,r$slee1i,r$slug1i,,,r$stil1i,r$stre1i,r$stro1i,r$surp1i,,r$unha1i,,,,i$acti1i,,,i$angr1i,,,,i$asha1i,i$asto1i,,,i$calm1i,,,,i$conp1i,i$cont1i,,i$disg1i,,,i$dull1i,i$elat1i,,,,i$enth1i,i$euph1i,i$exci1i,i$fati1i,i$fear1i,,,i$guilt1i,i$happ1i,i$host1i,,i$idle1i,i$inac1i,,,,i$lone1i,i$nerv1i,,i$pass1i,i$peac1i,,,,i$quie1i,i$rela1i,,i$rest1i,i$sadx1i,i$sati1i,i$sere1i,i$slee1i,i$slug1i,,,i$stil1i,i$stre1i,i$stro1i,i$surp1i,,i$unha1i,,,,r$hap1,r$lap1,r$han1,r$lan1,r$p1,r$n1,r$ha1,r$la1,i$hap1,i$lap1,i$han1,i$lan1,i$p1,i$n1,i$ha1,i$la1,r$hap1i,r$lap1i,r$han1i,r$lan1i,r$p1i,r$n1i,r$ha1i,r$la1i,i$hap1i,i$lap1i,i$han1i,i$lan1i,i$p1i,i$n1i,i$ha1i,i$la1i
2007 Tsai,study1,,,,,,,subnum,age,sex,group,,,,,,,,,,,,,,,,,,,,,,,,,,,,,,,,,,,,,r$asto,,,r$calm,,,,,r$cont,,,,,r$dull,r$elat,,,,r$enth,r$euph,r$exci,,r$fear,,,,r$happ,r$host,,,,,,,r$lone,r$nerv,,r$pass,r$peac,,,,r$quie,r$rela,,r$rest,r$sadx,r$sati,r$sere,r$slee,r$slug,,,r$stil,,r$stro,r$surp,,r$unha,,,,,,,,,,,,i$asto,,,i$calm,,,,,i$cont,,,,,i$dull,i$elat,,,,i$enth,i$euph,i$exci,,i$fear,,,,i$happ,i$host,,,,,,,i$lone,i$nerv,,i$pass,i$peac,,,,i$quie,i$rela,,i$rest,i$sadx,i$sati,i$sere,i$slee,i$slug,,,i$stil,,i$stro,i$surp,,i$unha,,,,,,,,,,,,r$astoi,,,r$calmi,,,,,r$conti,,,,,r$dulli,r$elati,,,,r$enthi,r$euphi,r$excii,,r$feari,,,,r$happi,r$hosti,,,,,,,r$lonei,r$nervi,,r$passi,r$peaci,,,,r$quiei,r$relai,,r$resti,r$sadxi,r$satii,r$serei,r$sleei,r$slugi,,,r$stili,,r$stroi,r$surpi,,r$unhai,,,,,,,,,,,,i$astoi,,,i$calmi,,,,,i$conti,,,,,i$dulli,i$elati,,,,i$enthi,i$euphi,i$excii,,i$feari,,,,i$happi,i$hosti,,,,,,,i$lonei,i$nervi,,i$passi,i$peaci,,,,i$quiei,i$relai,,i$resti,i$sadxi,i$satii,i$serei,i$sleei,i$slugi,,,i$stili,,i$stroi,i$surpi,,i$unhai,,,,r$hap,r$lap,r$han,r$lan,r$p,r$n,,,i$hap,i$lap,i$han,i$lan,i$p,i$n,,,r$hap1i,r$lap1i,r$han1i,r$lan1i,r$p1i,r$n1i,r$ha1i,r$la1i,i$hap1i,i$lap1i,i$han1i,i$lan1i,i$p1i,i$n1i,i$ha1i,i$la1i
2014 Koopman-Holm,study2,,,,,,date,,age,gender,consent,,,mothercultural,motherborn,motherraised,matgrandfcultural,,,matgrandmcultural,,,fathercultural,fatherborn,fatherraised,patgrandfcultural,,,patgrandmcultural,,,famSES,famincome,finanindep,indSES,indincome,livewith,,major,r$acti1,,,r$angr1,,,,r$asha1,r$asto1,,,r$calm1,,,,r$conp1,r$cont1,,r$disg1,,,r$dull1,r$elat1,,,,r$enth1,r$euph1,r$exci1,r$fati1,r$fear1,,,r$guilt1,r$happ1,r$host1,,r$idle1,r$inac1,,,,r$lone1,r$nerv1,,r$pass1,r$peac1,,,,r$quie1,r$rela1,,r$rest1,r$sadx1,r$sati1,r$sere1,r$slee1,r$slug1,,,r$stil1,r$stre1,r$stro1,r$surp1,,r$unha1,,,,i$acti1,,,i$angr1,,,,i$asha1,i$asto1,,,i$calm1,,,,i$conp1,i$cont1,,i$disg1,,,i$dull1,i$elat1,,,,i$enth1,i$euph1,i$exci1,i$fati1,i$fear1,,,i$guilt1,i$happ1,i$host1,,i$idle1,i$inac1,,,,i$lone1,i$nerv1,,i$pass1,i$peac1,,,,i$quie1,i$rela1,,i$rest1,i$sadx1,i$sati1,i$sere1,i$slee1,i$slug1,,,i$stil1,i$stre1,i$stro1,i$surp1,,i$unha1,,,,r$acti1i,,,r$angr1i,,,,r$asha1i,r$asto1i,,,r$calm1i,,,,r$conp1i,r$cont1i,,r$disg1i,,,r$dull1i,r$elat1i,,,,r$enth1i,r$euph1i,r$exci1i,r$fati1i,r$fear1i,,,r$guilt1i,r$happ1i,r$host1i,,r$idle1i,r$inac1i,,,,r$lone1i,r$nerv1i,,r$pass1i,r$peac1i,,,,r$quie1i,r$rela1i,,r$rest1i,r$sadx1i,r$sati1i,r$sere1i,r$slee1i,r$slug1i,,,r$stil1i,r$stre1i,r$stro1i,r$surp1i,,r$unha1i,,,,i$acti1i,,,i$angr1i,,,,i$asha1i,i$asto1i,,,i$calm1i,,,,i$conp1i,i$cont1i,,i$disg1i,,,i$dull1i,i$elat1i,,,,i$enth1i,i$euph1i,i$exci1i,i$fati1i,i$fear1i,,,i$guilt1i,i$happ1i,i$host1i,,i$idle1i,i$inac1i,,,,i$lone1i,i$nerv1i,,i$pass1i,i$peac1i,,,,i$quie1i,i$rela1i,,i$rest1i,i$sadx1i,i$sati1i,i$sere1i,i$slee1i,i$slug1i,,,i$stil1i,i$stre1i,i$stro1i,i$surp1i,,i$unha1i,,,,r$hap1,r$lap1,r$han1,r$lan1,r$p1,r$n1,r$ha1,r$la1,i$hap1,i$lap1,i$han1,i$lan1,i$p1,i$n1,i$ha1,i$la1,r$hap1i,r$lap1i,r$han1i,r$lan1i,r$p1i,r$n1i,r$ha1i,r$la1i,i$hap1i,i$lap1i,i$han1i,i$lan1i,i$p1i,i$n1i,i$ha1i,i$la1i
2014 Koopman-Holm,study3,,,,,,EndDate,ID,age,gender,ethnicity,birthplace,grownup,motherculture,,,,,,,,,fatherculture,,,,,,,,,,,,SES,,,,major,,,,r$angr1,,,r$arou1,r$asha1,r$asto1,,,r$calm1,,,,r$contm1,r$cont1,,r$disg1,,,r$dull1,r$elat1,,,,r$enth1,r$euph1,r$exci1,r$fati1,r$fear1,,,r$guil1,r$happ1,r$host1,,r$idle1,r$inac1,,,,r$lone1,r$nerv1,r$noemo1,r$pass1,r$peac1,,,,r$quie1,r$rela1,,r$rest1,r$sad1,r$sati1,r$sere1,r$slee1,r$slug1,,,r$stil1,r$stre1,r$stro1,r$surp1,,r$unha1,,,,,,,i$angr1,,,i$arou1,i$asha1,i$asto1,,,i$calm1,,,,i$conp1,i$cont1,,i$disg1,,,i$dull1,i$elat1,,,,i$enth1,i$euph1,i$exci1,i$fati1,i$fear1,,,i$guilt1,i$happ1,i$host1,,i$idle1,i$inac1,,,,i$lone1,i$nerv1,i$noemo1,i$pass1,i$peac1,,,,i$quie1,i$rela1,,i$rest1,i$sadx1,i$sati1,i$sere1,i$slee1,i$slug1,,,i$stil1,i$stre1,i$stro1,i$surp1,,i$unha1,,,,,,,r$angr1i,,,r$arou1i,r$asha1i,r$asto1i,,,r$calm1i,,,,r$contm1i,r$cont1i,,r$disg1i,,,r$dull1i,r$elat1i,,,,r$enth1i,r$euph1i,r$exci1i,r$fati1i,r$fear1i,,,r$guil1i,r$happ1i,r$host1i,,r$idle1i,r$inac1i,,,,r$lone1i,r$nerv1i,r$noemo1i,r$pass1i,r$peac1i,,,,r$quie1i,r$rela1i,,r$rest1i,r$sad1i,r$sati1i,r$sere1i,r$slee1i,r$slug1i,,,r$stil1i,r$stre1i,r$stro1i,r$surp1i,,r$unha1i,,,,,,,i$angr1i,,,i$arou1i,i$asha1i,i$asto1i,,,i$calm1i,,,,i$conp1i,i$cont1i,,i$disg1i,,,i$dull1i,i$elat1i,,,,i$enth1i,i$euph1i,i$exci1i,i$fati1i,i$fear1i,,,i$guilt1i,i$happ1i,i$host1i,,i$idle1i,i$inac1i,,,,i$lone1i,i$nerv1i,i$noemo1i,i$pass1i,i$peac1i,,,,i$quie1i,i$rela1i,,i$rest1i,i$sadx1i,i$sati1i,i$sere1i,i$slee1i,i$slug1i,,,i$stil1i,i$stre1i,i$stro1i,i$surp1i,,i$unha1i,,,,r$hap1,r$lap1,r$han1,r$lan1,r$p1,r$n1,r$ha1,r$la1,i$hap1,i$lap1,i$han1,i$lan1,i$p1,i$n1,i$ha1,i$la1,,,,,,,,,,,,,,,,
2015 Sims,study3,,,,,,,subnum,Age,gender,Ehnicity,,,,,,,,,,,,,,,,,,,,,,,,,,,,,r$acti,,r$aler,r$angr,,,,r$asha,r$asto,,,r$calm,,,,r$conp,r$cont,,r$disg,,,r$dull,r$elat,,,,r$enth,r$euph,r$exci,r$fati,r$fear,,,r$guilt,r$happ,r$host,,r$idle,r$inac,,,,r$lone,r$nerv,r$noem1,r$pass,r$peac,,,,r$quie,r$rela,,r$rest,r$sadx,r$sati,r$sere,r$slee,r$slug,,,r$stil,r$stre,r$stro,r$surp,,r$unha,,,,i$acti,,i$aler,i$angr,,,,i$asha,i$asto,,,i$calm,,,,i$conp,i$cont,,i$disg,,,i$dull,i$elat,,,,i$enth,i$euph,i$exci,i$fati,i$fear,,,i$guilt,i$happ,i$host,,i$idle,i$inac,,,,i$lone,i$nerv,i$noem1,i$pass,i$peac,,,,i$quie,i$rela,,i$rest,i$sadx,i$sati,i$sere,i$slee,i$slug,,,i$stil,i$stre,i$stro,i$surp,,i$unha,,,,,,,,,,,,,,,,,,,,,,,,,,,,,,,,,,,,,,,,,,,,,,,,,,,,,,,,,,,,,,,,,,,,,,,,,,,,,,,,,,,,,,,,,,,,,,,,,,,,,,,,,,,,,,,,,,,,,,,,,,,,,,,,,,,,,,,,,,,,,,,,,,,,,,,,,,,,,,,,,,,,,,,,,,,,,,,
2011 Harmon-Jones,study4,,,,,,,ID,,,ethn,,,,,,,,,,,,,,,,,,,,,,,,,,,,,,,,,,,r.arou,,r.asto,,,r.calm,,,,,r.cont,,,,,r.dull,r.elat,,,,r.enth,r.euph,r.exci,,r.fear,,,,r.happ,r.host,,r.idle,r.inac,,,,r.lone,r.nerv,,r.pass,r.peac,,,,r.quie,r.rela,,r.rest,r.sadx,r.sati,r.sere,r.slee,r.slug,,,r.stil,,r.stro,r.surp,,r.unha,,,,,,,,,,i.arou,,i.asto,,,i.calm,,,,,i.cont,,,,,i.dull,i.elat,,,,i.enth,i.euph,i.exci,,i.fear,,,,i.happ,i.host,,i.idle,i.inac,,,,i.lone,i.nerv,,i.pass,i.peac,,,,i.quie,i.rela,,i.rest,i.sadx,i.sati,i.sere,i.slee,i.slug,,,i.stil,,i.stro,i.surp,,i.unha,,,,,,,,,,,,,,,,,,,,,,,,,,,,,,,,,,,,,,,,,,,,,,,,,,,,,,,,,,,,,,,,,,,,,,,,,,,,,,,,,,,,,,,,,,,,,,,,,,,,,,,,,,,,,,,,,,,,,,,,,,,,,,,,,,,,,,,,,,,,,,,,,,,,,,,,,,,,,,,,,,,,,,,,,,,,,,,
2009 Scollon,study1,,,,,,,subid,age,sex,ethnic,,,,,,,,,,,,,,,,,,,,,,,,,,,,,,,,,gen_an1,,,,,,gen_bo1,gen_ca1,,,,,,,,,,,,,,,,,gen_ex1,,,,,gen_gu1,gen_hap1,,,,,gen_irr1,,gen_joy1,,,,,,,,gen_pr1,,,,,gen_sad1,,,,,gen_soc1,,,,,,,,gen_unp1,,gen_wor1,,,,,id_an1,,,,,,id_bo1,id_ca1,,,,,,,,,,,,,,,,,id_ex1,,,,,id_gu1,id_hap1,,,,,id_irr1,,id_joy1,,,,,,,,id_pr1,,,,,id_sad1,,,,,id_soc1,,,,,,,,id_unp1,,id_wor1,,,,,,,,,,,,,,,,,,,,,,,,,,,,,,,,,,,,,,,,,,,,,,,,,,,,,,,,,,,,,,,,,,,,,,,,,,,,,,,,,,,,,,,,,,,,,,,,,,,,,,,,,,,,,,,,,,,,,,,,,,,,,,,,,,,,,,,,,,,,,,,,,,,,,,,,,,,,,,,,,,,,,,,,,,,,
2012 Ruby,study1,,,,,,,,age,gender,ethn,born,,methn,mborn,,,,,,,,pethn,pborn,,,,,,,,,,,,,living,,,,,,,,,r.arou,,r.asto,,,r.calm,,,,,r.cont,,,,,r.dull,r.elat,,,,r.enth,,r.exci,,r.fear,,,,r.happ,r.host,,,,,,,r.lone,r.nerv,,r.pass,,,,r.proud,r.quie,,r.resp,r.rest,r.sadx,r.sati,r.sere,r.slee,r.slug,,,r.stil,,,r.surp,r.symp,r.unha,,,,,,,,,,i.arou,,i.asto,,,i.calm,,,,,i.cont,,,,,i.dull,i.elat,,,,i.enth,,i.exci,,i.fear,,,,i.happ,i.host,,,,,,,i.lone,i.nerv,,i.pass,,,,i.prou,i.quie,,i.resp,i.rest,i.sadx,i.sati,i.sere,i.slee,i.slug,,,i.stil,,,i.surp,i.symp,i.unha,,,,,,,,,,,,,,,,,,,,,,,,,,,,,,,,,,,,,,,,,,,,,,,,,,,,,,,,,,,,,,,,,,,,,,,,,,,,,,,,,,,,,,,,,,,,,,,,,,,,,,,,,,,,,,,,,,,,,,,,,,,,,,,,,,,,,,,,,,,,,,,,,,,,,,,,,,,,,,,,,,,,,,,,,,,,,,,
2012 Ruby,study2,,,,,,,,age,gender,ethn,born,,,,,,,,,,,,,,,,,,,,,,,,,living,,,,,,,,,r.arou,,r.asto,,,r.calm,,,,,r.cont,,,,,r.dull,,,,,r.enth,r.euph,r.exci,,r.fear,,,,r.happ,r.host,,r.idle,r.inac,,,,r.lone,r.nerv,,r.pass,r.peac,,,,r.quie,r.rela,,r.rest,r.sadx,r.sati,r.sere,r.slee,r.slug,,,r.stil,,r.stro,r.surp,,r.unha,,,,,,,,,,i.arou,,i.asto,,,i.calm,,,,,i.cont,,,,,i.dull,,,,,i.enth,i.euph,i.exci,,i.fear,,,,i.happ,i.host,,i.idle,i.inac,,,,i.lone,i.nerv,,i.pass,i.peac,,,,i.quie,i.rela,,i.rest,i.sadx,i.sati,i.sere,i.slee,i.slug,,,i.stil,,i.stro,i.surp,,i.unha,,,,,,,,,,,,,,,,,,,,,,,,,,,,,,,,,,,,,,,,,,,,,,,,,,,,,,,,,,,,,,,,,,,,,,,,,,,,,,,,,,,,,,,,,,,,,,,,,,,,,,,,,,,,,,,,,,,,,,,,,,,,,,,,,,,,,,,,,,,,,,,,,,,,,,,,,,,,,,,,,,,,,,,,,,,,,,,
2012 Chow,study1,,,,,,,ID,age,gender,ethn,,,,,,,,,,,,,,,,,,,,,,,,,,,,,,,,r.angr,,r.appr,r.arou,r.asha,r.asto,,,r.calm,,,,,r.cont,r.dese,r.disg,,,r.dull,r.elat,r.emba,,,r.enth,r.euph,r.exci,,r.fear,,,r.guil,r.happ,r.host,r.humb,r.idle,r.inac,,r.jeal,,r.lone,r.nerv,,r.pass,r.peac,,,r.prou,r.quie,r.rela,r.respec,r.rest,r.sadx,r.sati,r.sere,r.slee,r.slug,,,r.stil,,r.stro,r.surp,,r.unha,,,,,,,i.angr,,i.appr,i.arou,i.asha,i.asto,,,i.calm,,,,,i.cont,i.dese,i.disg,,,i.dull,i.elat,,,,i.enth,i.euph,i.exci,,i.fear,,,i.guil,i.happ,i.host,i.humb,i.idle,i.inac,,i.jeal,,i.lone,i.nerv,,i.pass,i.peac,,,i.prou,i.quie,i.rela,i.respec,i.rest,i.sadx,i.sati,i.sere,i.slee,i.slug,,,i.stil,,i.stro,i.surp,,i.unha,,,,,,,,,,,,,,,,,,,,,,,,,,,,,,,,,,,,,,,,,,,,,,,,,,,,,,,,,,,,,,,,,,,,,,,,,,,,,,,,,,,,,,,,,,,,,,,,,,,,,,,,,,,,,,,,,,,,,,,,,,,,,,,,,,,,,,,,,,,,,,,,,,,,,,,,,,,,,,,,,,,,,,,,,,,,,,,
2012 Tamir,study1,,,,,,,ID,age,gender,ethn,,,,,,,,,,,,,,,,,,,,,,,,,,,,,,,,r.angr,,,,,,,,,,,,,,,,,,,,,,,,,,,,,,,r.happ,,,,,,,,,,,,,,,,,,,,,,,,,,,,,,,,,,,,,,,i.angr,,,,,,,,,i.chee,,,,,,,,,,,,,,,,,,,,,,i.happ,,,,,i.irri,,,,,,,,,,,,,,,,,,,,,,,,,,,,,,,,,,,,,,,,,,,,,,,,,,,,,,,,,,,,,,,,,,,,,,,,,,,,,,,,,,,,,,,,,,,,,,,,,,,,,,,,,,,,,,,,,,,,,,,,,,,,,,,,,,,,,,,,,,,,,,,,,,,,,,,,,,,,,,,,,,,,,,,,,,,,,,,,,,,,,,,,,,,,,,,,,,,,,,,,,,
2014 Mannell,study1,,,,,,,ID,age,gender,Ethnicity,,,,,,,,,,,,,,,,,,,,,,,,,income,,educ,,,,,,,,,,,,,,,,,,,,,,,,,,,,,,,,,,,,,,,,,,,,,,,,,,,,,,,,,,,,,,,,,,,,,,,,,,,,,,,,,,,i.calm,,,,,,,,,,i.dull,,,,,i.enth,,i.exci,,i.fear,,,,,,,,,,,,,i.nerv,,,,,,,,i.rela,,,,,,,i.slug,,,,,,,,,,,,,,,,,,,,,,,,,,,,,,,,,,,,,,,,,,,,,,,,,,,,,,,,,,,,,,,,,,,,,,,,,,,,,,,,,,,,,,,,,,,,,,,,,,,,,,,,,,,,,,,,,,,,,,,,,,,,,,,,,,,,,,,,,,,,,,,,,,,,,,,,,,,,,,,,,,,,,,,,,,,,,,,,,,,,,,,
2014 Ford,pilot1,,,,,,,ID,age,gender,,,,,,,,,,,,,,,,,,,,,,,,,,,,,,,,,r.angr,,,,,,,,,r.chee,,,,,,,,,,,,,,,,,,,,,,,,,,,,,,,,,,,,,,,,,,,,,,,,,,,,,,,,,,,,,i.angr,,,,,,,,,i.cheer,,,,,,,,,,,,,,,,,,,,,,,,,,,,,,,,,,,,,,,,,,,,,,,,,,,,,,,,,,,,,,,,,,,,,,,,,,,,,,,,,,,,,,,,,,,,,,,,,,,,,,,,,,,,,,,,,,,,,,,,,,,,,,,,,,,,,,,,,,,,,,,,,,,,,,,,,,,,,,,,,,,,,,,,,,,,,,,,,,,,,,,,,,,,,,,,,,,,,,,,,,,,,,,,,,,,,,,,,,,,,,,,,,,,,
2014 Koopman-Holm,study4a,condition,,,,,V8,,age,gender,,,,,,,,,,,,,,,,,,,,,,,,,,,,,,,,,r$angr1,,,r$arou1,r$asha1,r$asto1,,,r$calm1,,,,r$contm1,r$cont1,,r$disg1,,,r$dull1,r$elat1,,,,r$enth1,r$euph1,r$exci1,r$fati1,r$fear1,,,r$guil1,r$happ1,r$host1,,r$idle1,r$inac1,,,,r$lone1,r$nerv1,r$noemo1,r$pass1,r$peac1,,,,r$quie1,r$rela1,,r$rest1,r$sad1,r$sati1,r$sere1,r$slee1,r$slug1,,,r$stil1,r$stre1,r$stro1,r$surp1,,r$unha1,,,,,,,,,,,,,,,,,,,,,,,,,,,,,,,,,,,,,,,,,,,,,,,,,,,,,,,,,,,,,,,,,,,,,,,,,,,,,r$angr1i,,,r$arou1i,r$asha1i,r$asto1i,,,r$calm1i,,,,r$contm1i,r$cont1i,,r$disg1i,,,r$dull1i,r$elat1i,,,,r$enth1i,r$euph1i,r$exci1i,r$fati1i,r$fear1i,,,r$guil1i,r$happ1i,r$host1i,,r$idle1i,r$inac1i,,,,r$lone1i,r$nerv1i,,r$pass1i,r$peac1i,,,,r$quie1i,r$rela1i,,r$rest1i,r$sad1i,r$sati1i,r$sere1i,r$slee1i,r$slug1i,,,r$stil1i,r$stre1i,r$stro1i,r$surp1i,,r$unha1i,,,,,,,,,,,,,,,,,,,,,,,,,,,,,,,,,,,,,,,,,,,,,,,,,,,,,,,,,,,,,,,,,,,,,,,,,,r$hap1,r$lap1,r$han1,r$lan1,r$p1,r$n1,r$ha1,r$la1,,,,,,,,,,,,,,,,,,,,,,,,
2014 Koopman-Holm,study4b,condition,,,,,V8,,,,,,,,,,,,,,,,,,,,,,,,,,,,,,,,,,,,,,,,,,,,,,,,,,,,,,,,,,,,,,,,,,,,,,,,,,,,,,,,,,,,,,,,,,,,,,,,,,,,,,,,,,,,,,,,,,,,,,,,,,,,,,,,,,,,,,,,,,,,,,,,,,,,,,,,,,,,,,,,,,,,,,,,,,,,,,,,,,,,,,,,,,,,,,,,,,,,,,,,,,,,,,,,,,,,,,,,,,,,,,,,,,,,,,,,,,,,,,,,,,,,,,,,,,,,,,,,,,,,,,,,,,,,,,,,,,,,,,,,,,,,,,,,,,,,,,,,,,,,,,,,,,,,,,,,,,,,,,,,,,,,,,,,,,,,,,,,,,,,,,,,
2018 Tompson,study1,,,,,,,ID,age,gender,ethn,born,,,,,,,,,,,,,,,,,,,,,famincome,,,,,,,,,,,,,r.arou,,r.asto,,,r.calm,,,,,r.cont,,,,,r.dull,r.elat,,,,r.enth,r.euph,r.exci,,r.fear,,,,r.happ,r.host,,r.idle,r.inac,,,,r.lone,r.nerv,,r.pass,r.peac,,,,r.quie,r.rela,,r.rest,r.sadx,r.sati,r.sere,r.slee,r.slug,,,r.stil,,r.stro,r.surp,,r.unha,,,,,,,,,,i.arou,,i.asto,,,i.calm,,,,,i.cont,,,,,i.dull,i.elat,,,,i.enth,i.euph,i.exci,,i.fear,,,,i.happ,i.host,,i.idle,i.inac,,,,i.lone,i.nerv,,i.pass,i.peac,,,,i.quie,i.rela,,i.rest,i.sadx,i.sati,i.sere,i.slee,i.slug,,,i.stil,,i.stro,i.surp,,i.unha ,,,,,,,,,,,,,,,,,,,,,,,,,,,,,,,,,,,,,,,,,,,,,,,,,,,,,,,,,,,,,,,,,,,,,,,,,,,,,,,,,,,,,,,,,,,,,,,,,,,,,,,,,,,,,,,,,,,,,,,,,,,,,,,,,,,,,,,,,,,,,,,,,,,,,,,,,,,,,,,,,,,,,,,,,,,,,,,
2018 Ito,study1,,,,,,,ID,YearBorn,gender,ethn,,,,,,,,,,,,,,,,,,,,,,,,,income,,,,,,,,,,,,,,,,,,,,,,,,,,,,,,,,,,,,,,,,,,,,,,,,,,,,,,,,,,,,,,,,,,,,,,,,,,,,,,,,,,,,,i.calm,,,,,,,,,,i.dull,i.elat,,,,i.enth,,i.exci,,i.fear,,,,,i.host,,,,,,,,i.nerv,,,i.peac,,,,,i.rela,,,,,,i.slee,i.slug,,,,,,,,,,,,,,,,,,,,,,,,,,,,,,,,,,,,,,,,,,,,,,,,,,,,,,,,,,,,,,,,,,,,,,,,,,,,,,,,,,,,,,,,,,,,,,,,,,,,,,,,,,,,,,,,,,,,,,,,,,,,,,,,,,,,,,,,,,,,,,,,,,,,,,,,,,,,,,,,,,,,,,,,,,,,,,,,,,,,,,,
2013 Scheibe,study1,,,,,,Entry.3,subnum,Age.3,sex,race.3,,,,,,,,,,,,,,,,,,,,,,,,income.3,,,,,,,,,,,typ_aroused,typ_shamed,typ_astonished,typ_atrest,,typ_calm,,typ_compass,,,typ_content,,,,,typ_dull,typ_elated,,typ_empath,,typ_enthu,typ_euphoric,typ_excited,,typ_fearful,,,,typ_happy,typ_hostile,,,,,,,typ_lonely,typ_nervous,typ_noemotion,typ_passive,typ_peaceful,typ_pityforanoth,,typ_proud,typ_quiet,typ_relaxed,typ_respectful,,typ_sad,typ_satisfied,typ_serene,typ_sleepy,typ_sluggish,,,typ_still,,typ_strong,typ_surprised,typ_sympath,typ_unhappy,,,,,,,,,,id_aroused,id_ashamed,id_astonished,id_atrest,,id_calm,,id_compass,,,id_content,,,,,id_dull,id_elated,,id_empathetic,,id_enthu,id_euphoric,id_excited,,id_fearful,,,,id_happy,id_hostile,,,,,,,id_lonely,id_nervous,id_noemotion,id_passive,id_peaceful,id_pityforanoth,,id_proud,id_quiet,id_relaxed,id_respectful,,id_sad,id_satisfied,id_serene,id_sleepy,id_sluggish,,,id_still,,id_strong,id_surprised,id_sympath,id_unhappy,,,,,,,,,,,,,,,,,,,,,,,,,,,,,,,,,,,,,,,,,,,,,,,,,,,,,,,,,,,,,,,,,,,,,,,,,,,,,,,,,,,,,,,,,,,,,,,,,,,,,,,,,,,,,,,,,,,,,,,,,,,,,,,,,,,,,,,,,,,,,,,,,,,,,,,,,,,,,,,,,,,,,,,,,,,,,,,
2016 Tsai,study3,,,,,,,subnum,age,sex,Group,,,,,,,,,,,,,,,,,,,,,,,,ses,,,,,,,r$aler,r$angr,,,r$arou,r$asha,r$asto,,,r$calm,,r$comp,,,r$cont,,,,,r$dull,r$elat,,,,r$enth,r$euph,r$exci,,r$fear,,,,r$happ,r$host,,r$idle,r$inac,,,,r$lone,r$nerv,r$noem,r$pass,r$peac,r$pity,,r$prou,r$quie,r$rela,r$resp,r$rest,r$sadx,r$sati,r$sere,r$slee,r$slug,,,r$stil,,r$stro,r$surp,r$symp,r$unha,,,,,,i$aler,i$angr,,,i$arou,i$asha,i$asto,,,i$calm,,i$comp,,,i$cont,,,,,i$dull,i$elat,,,,i$enth,i$euph,i$exci,,i$fear,,,,i$happ,i$host,,i$idle,i$inac,,,,i$lone,i$nerv,i$noem,i$pass,i$peac,i$pity,,i$prou,i$quie,i$rela,i$resp,i$rest,i$sadx,i$sati,i$sere,i$slee,i$slug,,,i$stil,,i$stro,i$surp,i$symp,i$unha,,,,,,,r$angri,,,r$aroui,r$ashai,r$astoi,,,r$calmi,,r$compi,,,r$conti,,,,,r$dulli,r$elati,,,,r$enthi,r$euphi,r$excii,,r$feari,,,,r$happi,r$hosti,,r$idlei,r$inaci,,,,r$lonei,r$nervi,r$noemi,r$passi,r$peaci,r$pityi,,r$proui,r$quiei,r$relai,r$respi,r$resti,r$sadxi,r$satii,r$serei,r$sleei,r$slugi,,,r$stili,,r$stroi,r$surpi,r$sympi,r$unhai,,,,,,,i$angri,,,i$aroui,i$ashai,i$astoi,,,i$calmi,,i$compi,,,i$conti,,,,,i$dulli,i$elati,,,,i$enthi,i$euphi,i$excii,,i$feari,,,,i$happi,i$hosti,,i$idlei,i$inaci,,,,i$lonei,i$nervi,i$noemi,i$passi,i$peaci,i$pityi,,i$proui,i$quiei,i$relai,i$respi,i$resti,i$sadxi,i$satii,i$serei,i$sleei,i$slugi,,,i$stili,,i$stroi,i$surpi,i$sympi,i$unhai,,,,,,,,,,,,,,,,,,,,,,,,,,,,,,,,,,,
2016 Thompson,study1,,,,,,,id,age,gender,race,,,,,,,,,,,,,,,,,,,,,,,,,,,,,,,,,,,,,,,,,,,,,,,,,,,,,,,,,,,,,,,,,,,,,,,,,,,,,,,,,,,,,,,,,,,,,,,,,,,,,,,,,IA_9,,IA_11,,,IA_18,,,,,IA_25,,,,,IA_2,IA_23,,,,IA_1,IA_7,IA_3,,IA_17,,,,IA_27,IA_19,,IA_8,IA_16,,,,IA_24,IA_21,,IA_15,IA_20,,,,IA_12,IA_22,,IA_10,IA_26,IA_29,IA_30,IA_4,IA_6,,,IA_14,,IA_5,IA_13,,IA_28,,,,,,,,,,,,,,,,,,,,,,,,,,,,,,,,,,,,,,,,,,,,,,,,,,,,,,,,,,,,,,,,,,,,,,,,,,,,,,,,,,,,,,,,,,,,,,,,,,,,,,,,,,,,,,,,,,,,,,,,,,,,,,,,,,,,,,,,,,,,,,,,,,,,,,,,,,,,,,,,,,,,,,,,,,,,,,,
2017 Gui,study1,,,,,,,ID,age,gender,ethn,,,,,,,,,,,,,,,,,,,,,,,,,,,,,,,,,,,,,,,,r.calm.leisure,,,,,,,,,,r.dull.leisure,,,,,r.enth.leisure,,r.exci.leisure,,r.fear.leisure,,,,,,,,,,,,,r.nerv.leisure,,,,,,,,r.rela.leisure,,,,,,,r.slug.leisure,,,,,,,,,,,,,,,,,,,,,,,i.calm,,,,,,,,,,i.dull,,,,,i.enth,,i.exci,,i.fear,,,,,,,,,,,,,i.nerv,,,,,,,,i.rela,,,,,,,i.slug,,,,,,,,,,,,,,,,,,,,,,,,,,,,,,,,,,,,,,,,,,,,,,,,,,,,,,,,,,,,,,,,,,,,,,,,,,,,,,,,,,,,,,,,,,,,,,,,,,,,,,,,,,,,,,,,,,,,,,,,,,,,,,,,,,,,,,,,,,,,,,,,,,,,,,,,,,,,,,,,,,,,,,,,,,,,,,,,,,,,,,,
2017 Parker,study3,,,,,,,,Age,Gender,Race,,,,,,,,,,,,,,,,,,,,,,,,,,,,,,,,,,,,,,,,AVI_Actual_Calm,,,,,AVI_Actual_Content,,,,,,,,,,,,AVI_Actual_Excited,,,,,,AVI_Actual_Happy,,,,,,,,,,,,,,,AVI_Actual_Proud,,AVI_Actual_Relaxed,,,,,,,,,,,,AVI_Actual_Strong,,,,,,,,,,,,,,,,,,AVI_Ideal_Calm,,,,,AVI_Ideal_Content,,,,,,,,,,,,AVI_Ideal_Excited,,,,,,AVI_Ideal_Happy,,,,,,,,,,,,,,,AVI_Ideal_Proud,,AVI_Ideal_Relaxed,,,,,,,,,,,,AVI_Ideal_Strong,,,,,,,,,,,,,,,,,,,,,,,,,,,,,,,,,,,,,,,,,,,,,,,,,,,,,,,,,,,,,,,,,,,,,,,,,,,,,,,,,,,,,,,,,,,,,,,,,,,,,,,,,,,,,,,,,,,,,,,,,,,,,,,,,,,,,,,,,,,,,,,,,,,,,,,,,,,,,,,,,,,,,,,,,,,,,,,,,,
2016 Tamir,pilot1,condition,,,,,,SubjectNumberRaw,Age,Gender,,CountryBir,,,,,,,,,,,,,,,,,,,,,,,,,,Education,,,,,OnlineEmo_Anger,,,,,,,,,,,,,,,,,,,,,,,,,OnlineEmo_Excitement,,OnlineEmo_Fear,,,,,,,,,,,,,,,,,,,,,,,,,,,,,,,,,,,,,,,,,,,DesiredEmo_Anger,,,,,,,,,,,,,,,,,,,,,,,,,DesiredEmo_Excitement,,DesiredEmo_Fear,,,,,,,,,,,,,,,,,,,,,,,,,,,,,,,,,,,,,,,,,,,,,,,,,,,,,,,,,,,,,,,,,,,,,,,,,,,,,,,,,,,,,,,,,,,,,,,,,,,,,,,,,,,,,,,,,,,,,,,,,,,,,,,,,,,,,,,,,,,,,,,,,,,,,,,,,,,,,,,,,,,,,,,,,,,,,,,,,,,,,,,,,,,,,,,,,,,,,,,,,,,,,,,,,,,
2016 Tamir,study1,,,,,,,ID,Age,Gender,Sample,Country_of_birth,,,,,,,,,,,,,,,,,,,,,,,,,,Self_Education,,,,,AngrE,AnxtyE,,,,,,,CalmE,,CmpssnE,,CntmptE,ContntE,,,,,,,,EmpthyE,,EnthuE,,ExctmntE,,FearE,,,,,HostltyE,,,,,,,,NervousE,,,,,,PrideE,,RelaxE,,,SadE,,,,,,,,StressE,,,,,,,,,,,AngrW,AnxtyW,,,,,,,CalmW,,CmpssnW,,CntmptW,ContntW,,,,,,,,EmpthyW,,EnthuW,,ExctmntW,,FearW,,,,,HostltyW,,,,,,,,NervousW,,,,,,PrideW,,RelaxW,,,SadW,,,,,,,,StressW,,,,,,,,,,,,,,,,,,,,,,,,,,,,,,,,,,,,,,,,,,,,,,,,,,,,,,,,,,,,,,,,,,,,,,,,,,,,,,,,,,,,,,,,,,,,,,,,,,,,,,,,,,,,,,,,,,,,,,,,,,,,,,,,,,,,,,,,,,,,,,,,,,,,,,,,,,,,,,,,,,,,,,,,,,,,,,,,,,,
2011 Li,study1,,,,,,,ResponseID,Age,Gender,Ethnicity /  / Please choose a category that best describes you.,,,,,,,,,,,,,,,,,,,,,,,,,,,,,,,,,,,,,,,,,,,,,,,,,,,,,,,,,,,,,,,,,,,,,,,,,,,,,,,,,,,,,,,,,,,,,,,,,,,,,,,,,How would you ideally like to feel?  /   / Read each word and then rate how often you WOULD IDEALLY LIKE...-Aroused,,How would you ideally like to feel?  /   / Read each word and then rate how often you WOULD IDEALLY LIKE...-Astonished,,,How would you ideally like to feel?  /   / Read each word and then rate how often you WOULD IDEALLY LIKE...-Calm,,,,,How would you ideally like to feel?  /   / Read each word and then rate how often you WOULD IDEALLY LIKE...-Content,,,,,How would you ideally like to feel?  /   / Read each word and then rate how often you WOULD IDEALLY LIKE...-Dull,How would you ideally like to feel?  /   / Read each word and then rate how often you WOULD IDEALLY LIKE...-Elated,,,,How would you ideally like to feel?  /   / Read each word and then rate how often you WOULD IDEALLY LIKE...-Enthusiastic,How would you ideally like to feel?  /   / Read each word and then rate how often you WOULD IDEALLY LIKE...-Euphoric,How would you ideally like to feel?  /   / Read each word and then rate how often you WOULD IDEALLY LIKE...-Excited,,How would you ideally like to feel?  /   / Read each word and then rate how often you WOULD IDEALLY LIKE...-Fearful,,,,How would you ideally like to feel?  /   / Read each word and then rate how often you WOULD IDEALLY LIKE...-Happy,How would you ideally like to feel?  /   / Read each word and then rate how often you WOULD IDEALLY LIKE...-Hostile,,How would you ideally like to feel?  /   / Read each word and then rate how often you WOULD IDEALLY LIKE...-Idle,How would you ideally like to feel?  /   / Read each word and then rate how often you WOULD IDEALLY LIKE...-Inactive,,,,How would you ideally like to feel?  /   / Read each word and then rate how often you WOULD IDEALLY LIKE...-Lonely,How would you ideally like to feel?  /   / Read each word and then rate how often you WOULD IDEALLY LIKE...-Nervous,,How would you ideally like to feel?  /   / Read each word and then rate how often you WOULD IDEALLY LIKE...-Passive,How would you ideally like to feel?  /   / Read each word and then rate how often you WOULD IDEALLY LIKE...-Peaceful,,,,How would you ideally like to feel?  /   / Read each word and then rate how often you WOULD IDEALLY LIKE...-Quiet,How would you ideally like to feel?  /   / Read each word and then rate how often you WOULD IDEALLY LIKE...-Relaxed,,How would you ideally like to feel?  /   / Read each word and then rate how often you WOULD IDEALLY LIKE...-Rested,How would you ideally like to feel?  /   / Read each word and then rate how often you WOULD IDEALLY LIKE...-Sad,How would you ideally like to feel?  /   / Read each word and then rate how often you WOULD IDEALLY LIKE...-Satisfied,How would you ideally like to feel?  /   / Read each word and then rate how often you WOULD IDEALLY LIKE...-Serene,How would you ideally like to feel?  /   / Read each word and then rate how often you WOULD IDEALLY LIKE...-Sleepy,How would you ideally like to feel?  /   / Read each word and then rate how often you WOULD IDEALLY LIKE...-Sluggish,,,How would you ideally like to feel?  /   / Read each word and then rate how often you WOULD IDEALLY LIKE...-Still,,How would you ideally like to feel?  /   / Read each word and then rate how often you WOULD IDEALLY LIKE...-Strong,How would you ideally like to feel?  /   / Read each word and then rate how often you WOULD IDEALLY LIKE...-Surprised,,How would you ideally like to feel?  /   / Read each word and then rate how often you WOULD IDEALLY LIKE...-Unhappy,,,,,,,,,,,,,,,,,,,,,,,,,,,,,,,,,,,,,,,,,,,,,,,,,,,,,,,,,,,,,,,,,,,,,,,,,,,,,,,,,,,,,,,,,,,,,,,,,,,,,,,,,,,,,,,,,,,,,,,,,,,,,,,,,,,,,,,,,,,,,,,,,,,,,,,,,,,,,,,,,,,,,,,,,,,,,,,
2014 Kumar,study1,,,,,,,ID,AGE,SEX,BORN,,,,,,,,,,,,,,,,,,,,,,,,,,,,,,,,,,,,,,,,,,,,,,,,,,,,,,,,,,,,,,,,,,,,,,,,,,,,,,,,,,,,,,,,,,,,,,,,,,,,,,,,,,,,,,,,,,,,,,,,,,,,,,,,,,,,,,,,,,,,,,,,,,,,,,,,,,,,,,,,,,,,,,,,,,,,,,,,,,,,,,,,,,,,,,,,,,,,,,,,,,,,,,,,,,,,,,,,,,,,,,,,,,,,,,,,,,,,,,,,,,,,,,,,,,L1,,,,,,,,,,,H3,,,,H2,,H1,,,,,,,,,,,,,,,,,,L2,,,,,L3,,,,,,,,,,,,,,,,,,,,,,,,,,,HAP,LAP,,,,,,,IHAP,ILAP,,,,,,,,,,,,,,
2013 Farsides,study2,CONDITION,,,,,,,AGE,SEX,ethn,,,,,,,,,,,,,,,,,,,,,,,,,,,,,active,,alert,,,,aroused,ashamed,astonish,,,calm,,compassi,,,content,,,distress,,dull,elated,,,,enthused,,excited,,fearful,,,guilty,happy,hostile,,,,irritab,,,lonely,nervous,,passive,peaceful,,,proud,quiet,relaxed,,,sad,satisfie,serene,sleepy,sluggish,,,still,,strong,surprise,sympathy,unhappy,,warm,,,,,,,,,,,,,,,,,,,,,,,,,,,,,,,,,,,,,,,,,,,,,,,,,,,,,,,,,,,,,,,,,,,,,,,,,,,,,,,,,,,,,,,,,,,,,,,,,,,,,,,,,,,,,,,,,,,,,,,,,,,,,,,,,,,,,,,,,,,,,,,,,,,,,,,,,,,,,,,,,,,,,,,,,,,,,,,,,,,,,,,,,,,,,,,,,,,,,,,,,,,,,,,,,,,,,,,,,,,,,,,,,,,,,,,,,,,,,,,,,,,
2018 Lin,study1,,,,,,date,ID,Age,Gender,Ethnicity,Country,,,,,,,,,,,,,,,,,,,,,,,,,,,Major,,,,,,,AVIAarou,,AVIAasto,,,AVIAcalm,,,,,AVIAcont,,,,,AVIAdull,AVIAelat,,,,AVIAenth,AVIAeuph,AVIAexci,,AVIAfear,,,,AVIAhapp,AVIAhost,,AVIAidle,AVIAinac,,,,AVIAlone,AVIAnerv,,AVIApass,AVIApeac,,,,AVIAquie,AVIArela,,AVIArest,AVIAsad,AVIAsati,AVIAsere,AVIAslee,AVIAslug,,,AVIAstil,,AVIAstro,AVIAsurp,,AVIAunha,,,,,,,,,,AVIIarou,,AVIIasto,,,AVIIcalm,,,,,AVIIcont,,,,,AVIIdull,AVIIelat,,,,AVIIenth,AVIIeuph,AVIIexci,,AVIIfear,,,,AVIIhapp,AVIIhost,,AVIIidle,AVIIinac,,,,AVIIlone,AVIInerv,,AVIIpass,AVIIpeac,,,,AVIIquie,AVIIrela,,AVIIrest,AVIIsad,AVIIsati,AVIIsere,AVIIslee,AVIIslug,,,AVIIstil,,AVIIstro,AVIIsurp,,AVIIunha,,,,,,,,,,,,,,,,,,,,,,,,,,,,,,,,,,,,,,,,,,,,,,,,,,,,,,,,,,,,,,,,,,,,,,,,,,,,,,,,,,,,,,,,,,,,,,,,,,,,,,,,,,,,,,,,,,,,,,,,,,,,,,,,,,,,,,,,,,,,,,,,,,,,,,,,,,,,,,,,,,,,,,,,,,,,,,,
2018 Swerdlow,study1,,,,,,EndDate,,Age,Gender,Ethnicity_Mod,,,,,,,,,,,,,,,,,,,,,,,,,,,,,,,,,,,,,,,,,,,,,,,,,,,,,,,,,,,,,,,,,,,,,,,,,,,,,,,,,,,,,,,,,,,,,,,,,,,,,,,,,AVI.Ideal.aroused,,AVI.Ideal.astonished,,,AVI.Ideal.calm,,,,,AVI.Ideal.content,,,,,AVI.Ideal.dull,AVI.Ideal.elated,,,,AVI.Ideal.enthusiastic,AVI.Ideal.euphoric,AVI.Ideal.excited,,AVI.Ideal.fearful,,,,AVI.Ideal.happy,AVI.Ideal.hostile,,AVI.Ideal.idle,AVI.Ideal.inactive,,,,AVI.Ideal.lonely,AVI.Ideal.nervous,,AVI.Ideal.passive,AVI.Ideal.peaceful,,,,AVI.Ideal.quiet,AVI.Ideal.relaxed,,AVI.Ideal.rested,AVI.Ideal.sad,AVI.Ideal.satisfied,AVI.Ideal.serene,AVI.Ideal.sleepy,AVI.Ideal.sluggish,,,AVI.Ideal.still,,AVI.Ideal.strong,AVI.Ideal.surprised,,AVI.Ideal.unhappy,,,,,,,,,,,,,,,,,,,,,,,,,,,,,,,,,,,,,,,,,,,,,,,,,,,,,,,,,,,,,,,,,,,,,,,,,,,,,,,,,,,,,,,,,,,,,,,,,,,,,,,,,,,,,,,,,,,,,,,,,,,,,,,,,,,,,,,,,,,,,,,,,,,,,,,,,,,,,,,,,,,,,,,,,,,,,,,
2018 Swerdlow,study2,,,,,,EndDate,,Age,Gender,Ethnicity,,,,,,,,,,,,,,,,,,,,,,Family_Income,,,,,,,,,,,,,AVI.Actual.aroused,,AVI.Actual.astonished,,,AVI.Actual.calm,,,,,AVI.Actual.content,,,,,AVI.Actual.dull,AVI.Actual.elated,,,,AVI.Actual.enthusiastic,AVI.Actual.euphoric,AVI.Actual.excited,,AVI.Actual.fearful,,,,AVI.Actual.happy,AVI.Actual.hostile,,AVI.Actual.idle,AVI.Actual.inactive,,,,AVI.Actual.lonely,AVI.Actual.nervous,,AVI.Actual.passive,AVI.Actual.peaceful,,,,AVI.Actual.quiet,AVI.Actual.relaxed,,AVI.Actual.rested,AVI.Actual.sad,AVI.Actual.satisfied,AVI.Actual.serene,AVI.Actual.sleepy,AVI.Actual.sluggish,,,AVI.Actual.still,,AVI.Actual.strong,AVI.Actual.surprised,,AVI.Actual.unhappy,,,,,,,,,,AVI.Ideal.aroused,,AVI.Ideal.astonished,,,AVI.Ideal.calm,,,,,AVI.Ideal.content,,,,,AVI.Ideal.dull,AVI.Ideal.elated,,,,AVI.Ideal.enthusiastic,AVI.Ideal.euphoric,AVI.Ideal.excited,,AVI.Ideal.fearful,,,,AVI.Ideal.happy,AVI.Ideal.hostile,,AVI.Ideal.idle,AVI.Ideal.inactive,,,,AVI.Ideal.lonely,AVI.Ideal.nervous,,AVI.Ideal.passive,AVI.Ideal.peaceful,,,,AVI.Ideal.quiet,AVI.Ideal.relaxed,,AVI.Ideal.rested,AVI.Ideal.sad,AVI.Ideal.satisfied,AVI.Ideal.serene,AVI.Ideal.sleepy,AVI.Ideal.sluggish,,,AVI.Ideal.still,,AVI.Ideal.strong,AVI.Ideal.surprised,,AVI.Ideal.unhappy,,,,,,,,,,,,,,,,,,,,,,,,,,,,,,,,,,,,,,,,,,,,,,,,,,,,,,,,,,,,,,,,,,,,,,,,,,,,,,,,,,,,,,,,,,,,,,,,,,,,,,,,,,,,,,,,,,,,,,,,,,,,,,,,,,,,,,,,,,,,,,,,,,,,,,,,,,,,,,,,,,,,,,,,,,,,,,,
2018 Lee,study2,,,,,,EndDate,,age,gender,ethn,,,,,,,,,,,,,,,,,,,,,,,,,,,,,,,,r.angr,,,r.arou,r.asha,r.asto,,,r.calm,,,,r.contemptuous,r.cont,,r.disg,,,r.dull,r.elat,,,r.ener,r.enth,r.euph,r.exci,r.fati,r.fear,,,r.guil,r.happ,r.host,,r.idle,r.inac,,,,r.lone,r.nerv,r.noem,r.pass,r.peac,,,,r.quie,r.rela,,r.rest,r.sadx,r.sati,r.sere,r.slee,r.slug,,,r.stil,r.stre,r.stro,r.surp,,r.unha,,,,,,,i.angr,,,i.arou,i.asha,i.asto,,,i.calm,,,,i.contemptuous,i.cont,,i.disg,,,i.dull,i.elat,,,i.ener,i.enth,i.euph,i.exci,i.fati,i.fear,,,i.guil,i.happ,i.host,,i.idle,i.inac,,,,i.lone,i.nerv,i.noem,i.pass,i.peac,,,,i.quie,i.rela,,i.rest,i.sadx,i.sati,i.sere,i.slee,i.slug,,,i.stil,i.stre,i.stro,i.surp,,i.unha,,,,,,,,,,,,,,,,,,,,,,,,,,,,,,,,,,,,,,,,,,,,,,,,,,,,,,,,,,,,,,,,,,,,,,,,,,,,,,,,,,,,,,,,,,,,,,,,,,,,,,,,,,,,,,,,,,,,,,,,,,,,,,,,,,,,,,,,,,,,,,,,,,,,,,,,,,,,,,,,,,,,,,,,,,,,,,,
2016 Koc,study1,,,,,,Start,ID,age,sex,country,,,,,,,,,,,,,,,,,,,,,,,,ses1,,,,,,,,,,,avi9,,avi11,,,avi18,,,,,avi25,,,,,avi2,avi23,,,,avi1,avi7,avi3,,avi17,,,,avi27,avi19,,avi8,avi16,,,,avi24,avi21,,avi15,avi20,,,,avi12,avi22,,avi10,avi26,avi29,avi30,avi4,avi6,,,avi14,,avi5,avi13,,avi28,,,,,,,,,,,,,,,,,,,,,,,,,,,,,,,,,,,,,,,,,,,,,,,,,,,,,,,,,,,,,,,,,,,,,,,,,,,,,,,,,,,,,,,,,,,,,,,,,,,,,,,,,,,,,,,,,,,,,,,,,,,,,,,,,,,,,,,,,,,,,,,,,,,,,,,,,,,,,,,,,,,,,,,,,,,,,,,,,,,,,,,,,,,,,,,,,,,,,,,,,,,,,,,,,,,,,,,,,,,,,,,,,,,,,,,,,,,,,,,,,,,,,
2018 Koc Identity Integration,study1,,,,,,start,,Age,Gender,National,,,,,,,,,,,,,,,,,,,,,,,,SES,,,,,,,,,,,,,,,,,,,,,avi3,,,,,,,,,,,,,,,,,,avi1,,,,,,,,avi5,,,,,,,,,,,,avi4,avi2,,,,,,,,,,,avi6,,,,,,,,,,,,,,,,,,,,,,,,,,,,,,,,,,,,,,,,,,,,,,,,,,,,,,,,,,,,,,,,,,,,,,,,,,,,,,,,,,,,,,,,,,,,,,,,,,,,,,,,,,,,,,,,,,,,,,,,,,,,,,,,,,,,,,,,,,,,,,,,,,,,,,,,,,,,,,,,,,,,,,,,,,,,,,,,,,,,,,,,,,,,,,,,,,,,,,,,,,,,,,,,,,,,,,,,,,,,,,,,,,,,,,,,,,,,,,,,,,,,,
2014 Luong,study1,,,,,,DataEntered,Case_ID,Age,Gender,EthnicityCultural,,,,,,,,,,,,,,,,,,,,,,,,,Income,,,,,,,,,,,,,,,,,,,,,,,,,,,,,,,,,,,,,,,,,,,,,,,,,,,,,,,,,,,,,,,,,,,,,,,,,,,,,AVI_SEDH_1,AVI_SEDH_10,,,AVI_SEDH_8,,,AVI_SEDH_18,,,,,,AVI_SEDH_12,,AVI_SEDH_15,,,,,AVI_SEDH_17,,,,,AVI_SEDH_19,,AVI_SEDH_6,AVI_SEDH_14,,AVI_SEDH_2,AVI_SEDH_5,,,,,AVI_SEDH_13,,AVI_SEDH_11,,,,,,,,AVI_SEDH_3,,,,,AVI_SEDH_4,,,,,,,,,,,,,,,,,,,,,,,,,,,,,,,,,,,,,,,,,,,,,,,,,,,,,,,,,,,,,,,,,,,,,,,,,,,,,,,,,,,,,,,,,,,,,,,,,,,,,,,,,,,,,,,,,,,,,,,,,,,,,,,,,,,,,,,,,,,,,,,,,,,,,,,,,,,,,,,,,,,,,,,,,,,,,,,,,,,,,,,,,,,
2018 Yip,study1,,,,,,Date,ID,Age,Sex,Ethnicity,,,,,,,,,,,,,,,,,,,,,,,,,,,,,,,,,,,ActAVI9,,ActAVI11,,,ActAVI18,,,,,ActAVI25,,,,,ActAVI2,ActAVI23,,,,ActAVI1,ActAVI7,ActAVI3,,ActAVI17,,,,ActAVI27,ActAVI19,,ActAVI8,ActAVI16,,,,ActAVI24,ActAVI21,,ActAVI15,ActAVI20,,,,ActAVI12,ActAVI22,,ActAVI10,ActAVI26,ActAVI29,ActAVI30,ActAVI4,ActAVI6,,,ActAVI14,,ActAVI5,ActAVI13,,ActAVI28,,,,,,,,,,IdealAVI9,,IdealAVI11,,,IdealAVI18,,,,,IdealAVI25,,,,,IdealAVI2,IdealAVI23,,,,IdealAVI1,IdealAVI7,IdealAVI3,,IdealAVI17,,,,IdealAVI27,IdealAVI19,,IdealAVI8,IdealAVI16,,,,IdealAVI24,IdealAVI21,,IdealAVI15,IdealAVI20,,,,IdealAVI12,IdealAVI22,,IdealAVI10,IdealAVI26,IdealAVI29,IdealAVI30,IdealAVI4,IdealAVI6,,,IdealAVI14,,IdealAVI5,IdealAVI13,,IdealAVI28,,,,,,,,,,zActAVI9,,zActAVI11,,,zActAVI18,,,,,zActAVI25,,,,,zActAVI2,zActAVI23,,,,zActAVI1,zActAVI7,zActAVI3,,zActAVI17,,,,zActAVI27,zActAVI19,,zActAVI8,zActAVI16,,,,zActAVI24,zActAVI21,,zActAVI15,zActAVI20,,,,zActAVI12,zActAVI22,,zActAVI10,zActAVI26,zActAVI29,zActAVI30,zActAVI4,zActAVI6,,,zActAVI14,,zActAVI5,zActAVI13,,zActAVI28,,,,,,,,,,zIdealAVI9,,zIdealAVI11,,,zIdealAVI18,,,,,zIdealAVI25,,,,,zIdealAVI2,zIdealAVI23,,,,zIdealAVI1,zIdealAVI7,zIdealAVI3,,zIdealAVI17,,,,zIdealAVI27,zIdealAVI19,,zIdealAVI8,zIdealAVI16,,,,zIdealAVI24,zIdealAVI21,,zIdealAVI15,zIdealAVI20,,,,zIdealAVI12,zIdealAVI22,,zIdealAVI10,zIdealAVI26,zIdealAVI29,zIdealAVI30,zIdealAVI4,zIdealAVI6,,,zIdealAVI14,,zIdealAVI5,zIdealAVI13,,zIdealAVI28,,,,,,,,,ActNeg,,,,,,,,IdealNeg,,,zActAVI_HAP,zActAVI_LAP,zActAVI_HAN,zActAVI_LAN,zActAVI_P,zActAVI_N,zActAVI_HA,zActAVI_LA,zIdealAVI_HAP,zIdealAVI_LAP,zIdealAVI_HAN,zIdealAVI_LAN,zIdealAVI_P,zIdealAVI_N,zIdealAVI_HA,zIdealAVI_LA
2017 Sands,study1,,,,,,StartDate,ID,,Sex,Race_Mod,,,,,,,,,,,,,,,,,,,,,,,,,,,,,,,,,,,AVIQ2_9,,AVIQ2_11,,,AVIQ2_18,,,,,AVIQ2_25,,,,,AVIQ2_2,AVIQ2_23,,,,AVIQ2_1,AVIQ2_7,AVIQ2_3,,AVIQ2_17,,,,AVIQ2_27,AVIQ2_19,,AVIQ2_8,AVIQ2_16,,,,AVIQ2_24,AVIQ2_21,,AVIQ2_15,AVIQ2_20,,,,AVIQ2_12,AVIQ2_22,,AVIQ2_10,AVIQ2_26,AVIQ2_29,AVIQ2_30,AVIQ2_4,AVIQ2_6,,,AVIQ2_14,,AVIQ2_5,AVIQ2_13,,AVIQ2_28,,,,,,,,,,AVI9,,AVI11,,,AVI18,,,,,AVI25,,,,,AVI2,AVI23,,,,AVI1,AVI7,AVI3,,AVI17,,,,AVI27,AVI19,,AVI8,AVI16,,,,AVI24,AVI21,,AVI15,AVI20,,,,AVI12,AVI22,,AVI10,AVI26,AVI29,AVI30,AVI4,AVI6,,,AVI14,,AVI5,AVI13,,AVI28,,,,,,,,,,,,,,,,,,,,,,,,,,,,,,,,,,,,,,,,,,,,,,,,,,,,,,,,,,,,,,,,,,,,,,,,,,,,,,,,,,,,,,,,,,,,,,,,,,,,,,,,,,,,,,,,,,,,,,,,,,,,,,,,,,,,,,,,,,,,,,,,,,,,,,,,,,,,,,,,,,,,,,,,,,,,,,,
2019 Palmer,study1,,,,,,Date,,,gender,ethnicity_mod,,,,,,,,,,,,,,,,,,,,,,parentincome,,,income,,,,,,,,,,AA_aroused,,AA_astonished,,,AA_calm,,,,,AA_content,,,,,AA_dull,AA_elated,,,,AA_enthusiastic,AA_euphoric,AA_excited,,AA_fearful,,,,AA_happy,AA_hostile,,AA_idle,AA_inactive,,,,AA_lonely,AA_nervous,,AA_passive,AA_peaceful,,,,AA_quiet,AA_relaxed,,AA_rested,AA_sad,AA_satisfied,AA_serene,AA_sleepy,AA_sluggish,,,AA_still,,AA_strong,AA_surprised,,AA_unhappy,,,,,,,,,,IA_aroused,,IA_astonished,,,IA_calm,,,,,IA_content,,,,,IA_dull,IA_elated,,,,IA_enthusiastic,IA_euphoric,IA_excited,,IA_fearful,,,,IA_happy,IA_hostile,,IA_idle,IA_inactive,,,,IA_lonely,IA_nervous,,IA_passive,IA_peaceful,,,,IA_quiet,IA_relaxed,,IA_rested,IA_sad,IA_satisfied,IA_serene,IA_sleepy,IA_sluggish,,,IA_still,,IA_strong,IA_surprised,,IA_unhappy,,,,,,,,,,,,,,,,,,,,,,,,,,,,,,,,,,,,,,,,,,,,,,,,,,,,,,,,,,,,,,,,,,,,,,,,,,,,,,,,,,,,,,,,,,,,,,,,,,,,,,,,,,,,,,,,,,,,,,,,,,,,,,,,,,,,,,,,,,,,,,,,,,,,,,,,,,,,,,,,,,,,,,,,,,,,,,,
2018 Shim,study1,,,,,,,,Age,Gender,Ethnicity,,,,,,,,,,,,,,,,,,,,,,,,,,,,,,,,,,,Actual_AVI_28,,Actual_AVI_15,Actual_AVI_9,,Actual_AVI_8,,,,,Actual_AVI_11,,,,,Actual_AVI_17,Actual_AVI_3,,,,Actual_AVI_1,Actual_AVI_26,Actual_AVI_2,,Actual_AVI_14,,,,Actual_AVI_10,Actual_AVI_29,,Actual_AVI_27,Actual_AVI_25,,,,Actual_AVI_22,Actual_AVI_16,,Actual_AVI_23,Actual_AVI_6,,,,Actual_AVI_18,Actual_AVI_7,,,Actual_AVI_13,Actual_AVI_12,Actual_AVI_5,Actual_AVI_20,Actual_AVI_24,,,Actual_AVI_21,,Actual_AVI_4,Actual_AVI_19,,Actual_AVI_30,,,,,,,,,,AVI_28,,AVI_15,AVI_9,,AVI_8,,,,,AVI_11,,,,,AVI_17,AVI_3,,,,AVI_1,AVI_26,AVI_2,,AVI_14,,,,AVI_10,AVI_29,,AVI_27,AVI_25,,,,AVI_22,AVI_16,,AVI_23,AVI_6,,,,AVI_18,AVI_7,,,AVI_13,AVI_12,AVI_5,AVI_20,AVI_24,,,AVI_21,,AVI_4,AVI_19,,AVI_30,,,,,,,,,,,,,,,,,,,,,,,,,,,,,,,,,,,,,,,,,,,,,,,,,,,,,,,,,,,,,,,,,,,,,,,,,,,,,,,,,,,,,,,,,,,,,,,,,,,,,,,,,,,,,,,,,,,,,,,,,,,,,,,,,,,,,,,,,,,,,,,,Actual_AVI_HAP,Actual_AVI_LAP,,,,,,,AVI_HAP,AVI_LAP,,,,,,,,,,,,,,,,,,,,,,
2018 Shim,study2,,,,,,,,age,gender,ethnicity,,,,,,,,,,,,,,,,,,,,,,,,,,,,,,,,,,,AAVI_28,,AAVI_15,AAVI_9,,AAVI_8,,,,,AAVI_11,,,,,AAVI_17,AAVI_3,,,,AAVI_1,AAVI_26,AAVI_2,,AAVI_14,,,,AAVI_10,AAVI_29,,AAVI_27,AAVI_25,,,,AAVI_22,AAVI_16,,AAVI_23,AAVI_6,,,,AAVI_18,AAVI_7,,,AAVI_13,AAVI_12,AAVI_5,AAVI_20,AAVI_24,,,AAVI_21,,AAVI_4,AAVI_19,,AAVI_30,,,,,,,,,,AVI_28,,AVI_15,AVI_9,,AVI_8,,,,,AVI_11,,,,,AVI_17,AVI_3,,,,AVI_1,AVI_26,AVI_2,,AVI_14,,,,AVI_10,AVI_29,,AVI_27,AVI_25,,,,AVI_22,AVI_16,,AVI_23,AVI_6,,,,AVI_18,AVI_7,,,AVI_13,AVI_12,AVI_5,AVI_20,AVI_24,,,AVI_21,,AVI_4,AVI_19,,AVI_30,,,,,,,,,,,,,,,,,,,,,,,,,,,,,,,,,,,,,,,,,,,,,,,,,,,,,,,,,,,,,,,,,,,,,,,,,,,,,,,,,,,,,,,,,,,,,,,,,,,,,,,,,,,,,,,,,,,,,,,,,,,,,,,,,,,,,,,,,,,,,,,,,,,,,,,,AVI_HAP,AVI_LAP,,,,,,,,,,,,,,,,,,,,,,
2012 Chen,study1,,,,,,,ID,,,p2dem_n1,,,,,,,,,,,,,,,,,,,,,,,,,,,,,,,,,,,p2ac_aro,,p2ac_ast,,,p2ac_cal,,,,,p2ac_con,,,,,p2ac_dul,p2ac_ela,,,,p2ac_ent,p2ac_eup,p2ac_exc,,p2ac_fea,,,,p2ac_hap,p2ac_hos,,p2ac_idl,p2ac_ina,,,,p2ac_lon,p2ac_ner,,p2ac_pas,p2ac_pea,,,,p2ac_qui,p2ac_rel,,p2ac_res,p2ac_sad,p2ac_sat,p2ac_ser,p2ac_sle,p2ac_slu,,,p2ac_sti,,p2ac_str,p2ac_sur,,p2ac_unh,,,,,,,,,,p2id_aro,,p2id_ast,,,p2id_cal,,,,,p2id_con,,,,,p2id_dul,p2id_ela,,,,p2id_ent,p2id_eup,p2id_exc,,p2id_fea,,,,p2id_hap,p2id_hos,,p2id_idl,p2id_ina,,,,p2id_lon,p2id_ner,,p2id_pas,p2id_pea,,,,p2id_qui,p2id_rel,,p2id_res,p2id_sad,p2id_sat,p2id_ser,p2id_sle,p2id_slu,,,p2id_sti,,p2id_str,p2id_sur,,p2id_unh,,,,,,,,,,,,,,,,,,,,,,,,,,,,,,,,,,,,,,,,,,,,,,,,,,,,,,,,,,,,,,,,,,,,,,,,,,,,,,,,,,,,,,,,,,,,,,,,,,,,,,,,,,,,,,,,,,,,,,,,,,,,,,,,,,,,,,,,,,,,,,,,,,,,,,,,,,,,,,,,,,,,,,,,,,,,,,,
2017 Floerke,study2,,,,,,Day1End,,Age,Gender,Race_Mod,,,,,,,,,,,,,,,,,,,,,,,,,,,,,,,,,,,ACTAVI_9,,ACTAVI_11,,,ACTAVI_18,,,,,ACTAVI_25,,,,,ACTAVI_2,ACTAVI_23,,,,ACTAVI_1,ACTAVI_7,ACTAVI_3,,ACTAVI_17,,,,ACTAVI_27,ACTAVI_19,,ACTAVI_8,ACTAVI_16,,,,ACTAVI_24,ACTAVI_21,,ACTAVI_15,ACTAVI_20,,,,ACTAVI_12,ACTAVI_22,,ACTAVI_10,ACTAVI_26,ACTAVI_29,ACTAVI_30,ACTAVI_4,ACTAVI_6,,,ACTAVI_14,,ACTAVI_5,ACTAVI_13,,ACTAVI_28,,,,,,,,,,IDLAVI_9,,IDLAVI_11,,,IDLAVI_18,,,,,IDLAVI_25,,,,,IDLAVI_2,IDLAVI_23,,,,IDLAVI_1,IDLAVI_7,IDLAVI_3,,IDLAVI_17,,,,IDLAVI_27,IDLAVI_19,,IDLAVI_8,IDLAVI_16,,,,IDLAVI_24,IDLAVI_21,,IDLAVI_15,IDLAVI_20,,,,IDLAVI_12,IDLAVI_22,,IDLAVI_10,IDLAVI_26,IDLAVI_29,IDLAVI_30,IDLAVI_4,IDLAVI_6,,,IDLAVI_14,,IDLAVI_5,IDLAVI_13,,IDLAVI_28,,,,,,,,,,,,,,,,,,,,,,,,,,,,,,,,,,,,,,,,,,,,,,,,,,,,,,,,,,,,,,,,,,,,,,,,,,,,,,,,,,,,,,,,,,,,,,,,,,,,,,,,,,,,,,,,,,,,,,,,,,,,,,,,,,,,,,,,,,,,,,,,,,,,,,,,,,,,,,,,,,,,,,,,,,,,,,,
2018 Gentzler,study1,,,,,,DateofSession,,Mother_Age,Mother_Sex,Mother_Ethnicity,,,,,,,,,,,,,,,,,,,,,,Household_Income,,,,,,,,,,,,,Aroused_MomT,,Astonished_MomT,,,Calm_MomT,,,,,Content_MomT,,,,,Dull_MomT,Elated_MomT,,,,Enthusiastic_MomT,Euphoric_MomT,Excited_MomT,,Fearful_MomT,,,,Happy_MomT,Hostile_MomT,,Idle_MomT,Inactive_MomT,,,,Lonely_MomT,Nervous_MomT,,Passive_MomT,Peaceful_MomT,,,,Quiet_MomT,Relaxed_MomT,,Rested_MomT,Sad_MomT,Satisfied_MomT,Serene_MomT,Sleepy_MomT,Sluggish_MomT,,,Still_MomT,,Strong_MomT,Surprised_MomT,,Unhappy_MomT,,,,,,,,,,Aroused_Momi,,Astonished_Momi,,,Calm_Momi,,,,,Content_Momi,,,,,Dull_Momi,Elated_Momi,,,,Enthusiastic_Momi,Euphoric_Momi,Excited_Momi,,Fearful_Momi,,,,Happy_Momi,Hostile_Momi,,Idle_Momi,Inactive_Momi,,,,Lonely_Momi,Nervous_Momi,,Passive_Momi,Peaceful_Momi,,,,Quiet_Momi,Relaxed_Momi,,Rested_Momi,Sad_Momi,Satisfied_Momi,Serene_Momi,Sleepy_Momi,Sluggish_Momi,,,Still_Momi,,Strong_Momi,Surprised_Momi,,Unhappy_Momi,,,,,,,,,,,,,,,,,,,,,,,,,,,,,,,,,,,,,,,,,,,,,,,,,,,,,,,,,,,,,,,,,,,,,,,,,,,,,,,,,,,,,,,,,,,,,,,,,,,,,,,,,,,,,,,,,,,,,,,,,,,,,,,,,,,,,,,,,,,,,,,,,,,,,,,,,,,,,,,,,,,,,,,,,,,,,,,
Unpublished Palmer,study1,,,,,,Date,ID,DAES_ChildAge,DAES_ChildGender,DAES_ChildRace_Final,,,,,,,,,,,,,,,,,,,,,,DAES_Income,,,,,,,,,,,,,Q57_9,,Q57_11,,,Q57_18,,,,,Q57_25,,,,,Q57_2,Q57_23,,,,Q57_1,Q57_7,Q57_3,,Q57_17,,,,Q57_27,Q57_19,,Q57_8,Q57_16,,,,Q57_24,Q57_21,,Q57_15,Q57_20,,,,Q57_12,Q57_22,,Q57_10,Q57_26,Q57_29,Q57_30,Q57_4,Q57_6,,,Q57_14,,Q57_5,Q57_13,,Q57_28,,,,,,,,,,Q11_9,,Q11_11,,,Q11_18,,,,,Q11_25,,,,,Q11_2,Q11_23,,,,Q11_1,Q11_7,Q11_3,,Q11_17,,,,Q11_27,Q11_19,,Q11_8,Q11_16,,,,Q11_24,Q11_21,,Q11_15,Q11_20,,,,Q11_12,Q11_22,,Q11_10,Q11_26,Q11_29,Q11_30,Q11_4,Q11_6,,,Q11_14,,Q11_5,Q11_13,,Q11_28,,,,,,,,,,,,,,,,,,,,,,,,,,,,,,,,,,,,,,,,,,,,,,,,,,,,,,,,,,,,,,,,,,,,,,,,,,,,,,,,,,,,,,,,,,,,,,,,,,,,,,,,,,,,,,,,,,,,,,,,,,,,,,,,,,,,,,,,,,,,,,,,,,,,,,,,,,,,,,,,,,,,,,,,,,,,,,,
2014 Ditzfield Thesis,study3,,,,,,,SubjectID,AGE,GENDER,ETHNICITY,,,,,,,,,,,,,,,,,,,,,,,,,,,,,,,,,,,AVIA12,,AVIA2,,,AVIA11,,,,,AVIA20,,,,,AVIA1,AVIA18,,,,AVIA4,,AVIA5,,AVIA10,,,,AVIA16,AVIA17,,AVIA8,AVIA14,,,,AVIA22,AVIA19,,AVIA23,AVIA6,,,,,AVIA7,,,AVIA13,AVIA15,,AVIA21,AVIA9,,,,,,AVIA3,,AVIA24,,,,,,,,,,AVII12,,AVII2,,,AVII11,,,,,AVII20,,,,,AVII1,AVII18,,,,AVII4,,AVII5,,AVII10,,,,AVII16,AVII17,,AVII8,AVII14,,,,AVII22,AVII19,,AVII23,AVII6,,,,,AVII7,,,AVII13,AVII15,,AVII21,AVII9,,,,,,AVII3,,AVII24,,,,,,,,,,,,,,,,,,,,,,,,,,,,,,,,,,,,,,,,,,,,,,,,,,,,,,,,,,,,,,,,,,,,,,,,,,,,,,,,,,,,,,,,,,,,,,,,,,,,,,,,,,,,,,,,,,,,,,,,,,,,,,,,,,,,,,,,,,,,,,,,,,,,,,,,,,,,,,,,,,,,,,,,,,,,,,,
2014 Ditzfield,study1_sample1,,,,,,,SubjectID,AGE,GENDER,RACE,,,,,,,,,,,,,,,,,,,,,,,,,,,,,,,,,,,AVIA12,,AVIA2,AVIA15,,AVIA11,,,,,AVIA21,,,,,AVIA1,AVIA19,,,,AVIA4,,AVIA5,,AVIA10,,,,AVIA17,AVIA18,,,,,,,AVIA23,AVIA20,,AVIA24,,,,,AVIA8,AVIA7,,,AVIA13,AVIA16,AVIA6,AVIA22,AVIA9,,,AVIA14,,,AVIA3,,AVIA25,,,,,,,,,,AVII12,,AVII2,AVII15,,AVII11,,,,,AVII21,,,,,AVII1,AVII19,,,,AVII4,,AVII5,,AVII10,,,,AVII17,AVII18,,,,,,,AVII23,AVII20,,AVII24,,,,,AVII8,AVII7,,,AVII13,AVII16,AVII6,AVII22,AVII9,,,AVII14,,,AVII3,,AVII25,,,,,,,,,,,,,,,,,,,,,,,,,,,,,,,,,,,,,,,,,,,,,,,,,,,,,,,,,,,,,,,,,,,,,,,,,,,,,,,,,,,,,,,,,,,,,,,,,,,,,,,,,,,,,,,,,,,,,,,,,,,,,,,,,,,,,,,,,,,,,,,,,,,,,,,,,,,,,,,,,,,,,,,,,,,,,,,
2016 Ito,study1,,,,,,ANSWERDATE,SAMPLEID,AGE,SEX,ethn,,,,,,,,,,,,,,,,,,,,,,HINCOME,,,PINCOME,,,,,,,,,,,,,,,,,,,,,,,,,Dull,,,,,Enthusiastic,,Excited,,Fearful,,,,,,,,,,,,,Nervous,,,Peaceful,,,,,Relaxed,,,,,,,Sluggish,,,,,,,,,,,,,,,,,,,,,,,,,,,,,,,,,,,,,,,,,,,,,,,,,,,,,,,,,,,,,,,,,,,,,,,,,,,,,,,,,,,,,,,,,,,,,,,,,,,,,,,,,,,,,,,,,,,,,,,,,,,,,,,,,,,,,,,,,,,,,,,,,,,,,,,,,,,,,,,,,,,,,,,,,,,,,,,,,,,,,,,,,,,,,,,,,,,,,,,,,,,,,,,,,,,,,,,,,,,,,,,,,,,,,,,,,,,,,,,,,,,,,,,,,,,,,
Unpublished Ito Mika,study1,,,,,,,ID,Age,Gender,,,,,,,,,,,,,,,,,,,,,,,HouseholdIncome,,,,,,,,,,,,,,,,,,,,,,,,,,,,,,,,,,,,,,,,,,,,,,,,,,,,,,,,,,,,,,,,,,,,,,,,,,,,,,,,,,,,,,,,Calm,,,,,,,,,,,Elated,,,,Enthusiastic,,Excited,,,,,,,,,,,,,,,,,,Peaceful,,,,,Relaxed,,,,,,,,,,,,,,,,,,,,,,,,,,,,,,,,,,,,,,,,,,,,,,,,,,,,,,,,,,,,,,,,,,,,,,,,,,,,,,,,,,,,,,,,,,,,,,,,,,,,,,,,,,,,,,,,,,,,,,,,,,,,,,,,,,,,,,,,,,,,,,,,,,,,,,,,,,,,,,,,,,,,,,,,,,,,,,,,,,,,,,,,,,,,,,
Unpublished Ito Kono,study1,,,,,,ANSWERDATE,SAMPLEID,AGE,SEX,ethn,,,,,,,,,,,,,,,,,,,,,,HINCOME,,,PINCOME,,,,,,,,,,,,,,,,,,,,,,,,,,,,,,,,,,,,,,,,,,,,,,,,,,,,,,,,,,,,,,,,,,,,,,,,,,,,,,,,,,,,,LAP1(Calm),,,,,,,,,,,HAP3(Elated),,,,HAP1(Enthusiastic),,HAP2(Excited),,,,,,,,,,,,,,,,,,LAP3(Peaceful),,,,,LAP2(Relaxed),,,,,,,,,,,,,,,,,,,,,,,,,,,,,,,,,,,,,,,,,,,,,,,,,,,,,,,,,,,,,,,,,,,,,,,,,,,,,,,,,,,,,,,,,,,,,,,,,,,,,,,,,,,,,,,,,,,,,,,,,,,,,,,,,,,,,,,,,,,,,,,,,,,,,,,,,,,,,,,,,,,,,,,,,,,,,,,,,,,,,,,,,,,,,,
Unpublished Ito Yamaguchi Takamatsu,study1,,time.year,time.month,time.day,,,ID,age,gender,,,,,,,,,,,,,,,,,,,,,,,famincome,,,,,,,,,,,,,,,,,,GoalLAP2_Calm,,,,,,,,,,GoalLAN2_Dull,GoalHAP2_Elated,,,,GoalHAP1_Enthusiastic,,GoalHAP3_Excited,,GoalHAN1_Fearful,,,,,GoalHAN3_Hostile,,,,,,,,GoalHAN2_Nervous,,,GoalLAP1_Peaceful,,,,,GoalLAP3_Relaxed,,,,,,GoalLAN3_Sleepy,GoalLAN1_Sluggish,,,,,,,,,,,,,,,,,,,,,,,i.calm,,,,,,,,,,i.dull,i.elat,,,,i.enth,,i.exci,,i.fear,,,,,i.host,,,,,,,,i.nerv,,,i.peac,,,,,i.rela,,,,,,i.slee,i.slug,,,,,,,,,,,,,,,,,,,,,,,,,,,,,,,,,,,,,,,,,,,,,,,,,,,,,,,,,,,,,,,,,,,,,,,,,,,,,,,,,,,,,,,,,,,,,,,,,,,,,,,,,,,,,,,,,,,,,,,,,,,,,,,,,,,,,,,,,,,,,,,,,,,,,,,,GoalHAP,GoalLAP,GoalHAN,GoalLAN,,,,,i.HAP,i.LAP,i.HAN,i.LAN,,,,,,,,,,,,,,,,,,,,
Unpublished Cheung,study1,,,,,,,,Age,Gender,Native Country,,,,,,,,,,,,,,,,,,,,,,,,,,,,,,,,,,,ActAroused,,ActAstonished,,,ActCalm,,,,,ActContent,,,,,ActDull,ActElated,,,,ActEnthusiastic,ActEuphoric,ActExcite,,ActFearful,,,,ActHappy,ActHostile,,ActIdle,ActInactive,,,,ActLonely,ActNervous,,ActPassive,ActPeaceful,,,,ActQuiet,ActRelaxed,,ActRested,ActSad,ActSatisfied,ActSerene,ActSleepy,ActSluggish,,,ActStill,,ActStrong,ActSurprise,,ActUnhappy,,,,,,,,,,IdealAroused,,IdealAstonished,,,IdealCalm,,,,,IdealContent,,,,,IdealDull,IdealElated,,,,IdealEnthusiastic,IdealEuphoric,IdealExcite,,IdealFearful,,,,IdealHappy,IdealHostile,,IdealIdle,IdealInactive,,,,IdealLonely,IdealNervous,,IdealPassive,IdealPeaceful,,,,IdealQuiet,IdealRelaxed,,IdealRested,IdealSad,IdealSatisfied,IdealSerene,IdealSleepy,IdealSluggish,,,IdealStill,,IdealStrong,IdealSurprise,,IdealUnhappy,,,,,,,,,,,,,,,,,,,,,,,,,,,,,,,,,,,,,,,,,,,,,,,,,,,,,,,,,,,,,,,,,,,,,,,,,,,,,,,,,,,,,,,,,,,,,,,,,,,,,,,,,,,,,,,,,,,,,,,,,,,,,,,,,,,,,,,,,,,,,,,,,,,,,,,,,,,,,,,,,,,,,,,,,,,,,,,
Unpublished Kashima 1,study1,,,,,,EndDate,ResponseId,Age,Gender,Australian,,,,,,,,,,,,,,,,,,,,,,,,,,,,,,,,,,,ActualAroused_HA,,ActualAstonished_HA,ActualAtRest_LA,,ActualCalm_LAP,,,,,ActualContent_P,,,,,ActualDull_LAN,,,,,ActualEnthusistic_HAP,,ActualExcited_HAP,,ActualFearful_HAN,,,,ActualHappy_P,ActualHostile_HAN,,,,,,,ActualLonely_N,ActualNervous_HAN,,ActualPassive_LA,ActualPeaceful_LAP,,,,ActualQuiet_LAP,ActualRelaxed_LAP,,,ActualSad_N,ActualSatisfied_P,,ActualSleepy_LAN,ActualSluggish_LAN,,,ActualStill_LA,,ActualStrong_HAP,ActualSurprised_HA,,ActualUnhappy_N,,,,,,,,,,IdealAroused_HA,,IdealAstonished_HA,IdealAtRest_LA,,IdealCalm_LAP,,,,,IdealContent_P,,,,,IdealDull_LAN,IdealElated_HAP,,,,IdealEnthusiastic_HAP,,IdealExcited_HAP,,IdealFearful_HAN,,,,IdealHappy_P,IdealHostile_HAN,,,,,,,IdealLonely_N,IdealNervous_HAN,,IdealPassive_LA,IdealPeaceful_LAP,,,,IdealQuiet_LAP,IdealRelaxed_LAP,,,IdealSad_N,IdealSatisfied_P,,IdealSleepy_LAN,IdealSluggish_LAN,,,IdealStill_LA,,,IdealSurprised_HA,,IdealUnhappy_N,,,,,,,,,,,,,,,,,,,,,,,,,,,,,,,,,,,,,,,,,,,,,,,,,,,,,,,,,,,,,,,,,,,,,,,,,,,,,,,,,,,,,,,,,,,,,,,,,,,,,,,,,,,,,,,,,,,,,,,,,,,,,,,,,,,,,,,,,,,,,,,,,,,,,,,,ideal_HAP,ideal_LAP,ideal_HAN,ideal_LAN,,,,,,,,,,,,,,,,,,,,
Unpublished Kashima 2,study1,,,,,,EndDate,ResponseId,Age,Gender,Country,,,,,,,,,,,,,,,,,,,,,,,,,,,,,,,,,,,ActualAroused_HA,,ActualAstonished_HA,ActualAtRest_LAP,,ActualCalm_LAP,,,,,ActualContent_P,,,,,ActualDull_LAN,,,,,ActualEnthusistic_HAP,,ActualExcited_HAP,,ActualFearful_HAN,,,,ActualHappy_P,ActualHostile_HAN,,,,,,,ActualLonely_N,ActualNervous_HAN,,ActualPassive_LA,ActualPeaceful_LAP,,,,ActualQuiet_LA,ActualRelaxed_LAP,,,ActualSad_N,ActualSatisfied_P,,ActualSleepy_LAN,ActualSluggish_LAN,,,ActualStill_LA,,ActualStrong_HAP,ActualSurprised_HA,,ActualUnhappy_N,,,,,,,,,,IdealAroused_HA,,IdealAstonished_HA,IdealAtRest_LAP,,IdealCalm_LAP,,,,,IdealContent_P,,,,,IdealDull_LAN,IdealElated_HAP,,,,IdealEnthusiastic_HAP,,IdealExcited_HAP,,IdealFearful_HAN,,,,IdealHappy_P,IdealHostile_HAN,,,,,,,IdealLonely_N,IdealNervous_HAN,,IdealPassive_LA,IdealPeaceful_LAP,,,,IdealQuiet_LA,IdealRelaxed_LAP,,,IdealSad_N,IdealSatisfied_P,,IdealSleepy_LAN,IdealSluggish_LAN,,,IdealStill_LA,,,IdealSurprised_HA,,IdealUnhappy_N,,,,,,,,,,,,,,,,,,,,,,,,,,,,,,,,,,,,,,,,,,,,,,,,,,,,,,,,,,,,,,,,,,,,,,,,,,,,,,,,,,,,,,,,,,,,,,,,,,,,,,,,,,,,,,,,,,,,,,,,,,,,,,,,,,,,,,,,,,,,,,,,MeanActualHAP,MeanActualLAP,MeanActualHAN,MeanActualLAN,MeanActualP,MeanActualN,MeanActualHA,MeanActualLA,MeanIdealHAP,MeanIdealLAP,MeanIdealHAN,MeanIdealLAN,MeanIdealP,MeanIdealN,MeanIdealHA,MeanIdealLA,,,,,,,,,,,,,,,,
Unpublished Acevedo,study1,Condition,,,,,,ID,Age,Gender,Ethnicity,WhereBorn,,,,,,,,,,,,,,,,,,,,,,,,,,,,AVA_active,,,,AVA_anxious,,AVA_aroused,,AVA_astonished,,AVA_bored,AVA_calm,AVA_cheerful,,,,AVA_content,,,,,AVA_dull,AVA_elated,,,AVA_energized,AVA_enthusiastic,AVA_euphoric,AVA_excited,,AVA_fearful,,,,AVA_happy,AVA_hostile,,AVA_idle,AVA_inactive,,,,AVA_lonely,AVA_nervous,,AVA_passive,AVA_peaceful,,,,AVA_quiet,AVA_relaxed,,AVA_rested,AVA_sad,AVA_satisfied,AVA_serene,,AVA_sluggish,,,AVA_still,AVA_stressed,AVA_strong,AVA_surprised,,,AVA_unhappy,,,AVI_active,,,AVI_anger,AVI_anxious,,AVI_aroused,,AVI_astonished,,AVI_bored,AVI_calm,AVI_cheerful,AVI_compassion,,AVI_contempt,AVI_content,,AVI_disgust,,,AVI_dull,AVI_elated,AVI_embarrassment,,AVI_energized,AVI_enthusiastic,AVI_euphoric,AVI_excited,,AVI_fearful,,,,AVI_happy,AVI_hostile,,AVI_idle,AVI_inactive,,,,AVI_lonely,AVI_nervous,,AVI_passive,AVI_peaceful,,AVI_pleasure,AVI_pride,AVI_quiet,AVI_relaxed,,AVI_rested,AVI_sad,AVI_satisfied,AVI_serene,,AVI_sluggish,,,AVI_still,AVI_stressed,AVI_strong,AVI_surprised,AVI_sympathy,AVI_unhappy,,,,,,,,,,,,,,,,,,,,,,,,,,,,,,,,,,,,,,,,,,,,,,,,,,,,,,,,,,,,,,,,,,,,,,,,,,,,,,,,,,,,,,,,,,,,,,,,,,,,,,,,,,,,,,,,,,,,,,,,,,,,,,,,,,,,,,,,,,,,,,,,,,,,,,,,,,,,,,,,,,,,,,,,,,,,,,,
Unpublished Acevedo,study2,,,,,,,id,age,sex,Ethnicity_Mod,,,,,,,,,,,,,,,,,,,,,,,,,,,,,,,,,,,AVA_aroused,,AVA_astonished,AVA_atrest,,AVA_calm,,,,,AVA_content,,,,,AVA_dull,,,,,AVA_enthusiastic,,AVA_excited,,AVA_fearful,,,,AVA_happy,AVA_hostile,,,,,,,AVA_lonely,AVA_nervous,,AVA_passive,AVA_peaceful,,,,AVA_quiet,AVA_relaxed,,,AVA_sad,AVA_satisfied,,AVA_sleepy,AVA_sluggish,,,AVA_still,,AVA_strong,AVA_surprised,,AVA_unhappy,,,,,,,,,,AVI_aroused,,AVI_astonished,AVI_atrest,,AVI_calm,,,,,AVI_content,,,,,AVI_dull,,,,,AVI_enthusiastic,,AVI_excited,,AVI_fearful,,,,AVI_happy,AVI_hostile,,,,,,,AVI_lonely,AVI_nervous,,AVI_passive,AVI_peaceful,,,,AVI_quiet,AVI_relaxed,,,AVI_sad,AVI_satisfied,,AVI_sleepy,AVI_sluggish,,,AVI_still,,AVI_strong,AVI_surprised,,AVI_unhappy,,,,,,,,,,,,,,,,,,,,,,,,,,,,,,,,,,,,,,,,,,,,,,,,,,,,,,,,,,,,,,,,,,,,,,,,,,,,,,,,,,,,,,,,,,,,,,,,,,,,,,,,,,,,,,,,,,,,,,,,,,,,,,,,,,,,,,,,,,,,,,,,,,,,,,,,,,,,,,,,,,,,,,,,,,,,,,,
2015 Chow,study1,,,,,,,Subject,age,gender,race,,,,,,,,,,,,,,,,,,,,,,,,,,,,,,,,,,,,,,,,,,,,,,,,,,,,,,,,,,,,,,,,,,,,,,,,,,,,,,,,,,,,,,,,,,,,,,,,,,,,,,AVI_angry,,,,AVI_ashamed,,,,,AVI_cheerful,,,,,AVI_deserving,AVI_disgusted,,,,,AVI_embarrassed,,,,,,,,,,AVI_guilty,AVI_happy,,AVI_humble,,,,AVI_jealous,,,,,,,,AVI_pleased,AVI_proud,,,AVI_respectful,,AVI_sad,,,,,,,,,,,,,,,,,,,,,,,,,,,,,,,,,,,,,,,,,,,,,,,,,,,,,,,,,,,,,,,,,,,,,,,,,,,,,,,,,,,,,,,,,,,,,,,,,,,,,,,,,,,,,,,,,,,,,,,,,,,,,,,,,,,,,,,,,,,,,,,,,,,,,,,,,,,,,,,,,,,,,,,,,,,,,,,,,,,,,,,,,,,
2014 Mannell Diss,study1,,,,,,,id,age,sex,ethnic_2,,,,,,,,,,,,,,,,,,,,,,,,,,,,major,,,,,,,,,,,,,,,,,,,,,,,,,,,,,,,,,,,,,,,,,,,,,,,,,,,,,,,,,,,,,,,,,,,,,,,,,,,,,,,,,,idlcalm,,,,,idlcont,,,,,idldull,idlelat,,,,idlenthus,,idlexcite,,idlfear,,,,idlhappy,idlhost,,,,,,,idllone,idlnerv,,,idlpeace,,,,,idlrelax,,,idlsad,idlsatis,,idlsleep,idlslug,,,,,,,,idlunhap,,,,,,,,,,,,,,,,,,,,,,,,,,,,,,,,,,,,,,,,,,,,,,,,,,,,,,,,,,,,,,,,,,,,,,,,,,,,,,,,,,,,,,,,,,,,,,,,,,,,,,,,,,,,,,,,,,,,,,,,,,,,,,,,,,,,,,,,,,,,,,,,,,,,,,,,,,,,,,,,,,,,,,,,,,,,,,,
Unpublished Yi,study1,,,,,,,SubjectID,Age,Gender,Race,,,,,,,,,,,,,,,,,,,,,,,,SubjectiveSES,,,,,,,,,,,,,,,,,,,,,,,,,,,,,,,,,,,,,,,,,,,,,,,,,,,,,,,,,,,,,,,,,,,,,,,,,,,,,,,,,AVI_aroused,,AVI_astonished,,,AVI_calm,,,,,AVI_content,,,,,AVI_dull,AVI_elated,,,,AVI_enthusiastic,AVI_euphoric,AVI_excited,,AVI_fearful,,,,AVI_happy,AVI_hostile,,AVI_idle,AVI_inactive,,,,AVI_lonely,AVI_nervous,,AVI_passive,AVI_peaceful,,,,AVI_quiet,AVI_relaxed,,AVI_rested,AVI_sad,AVI_satisfied,AVI_serene,AVI_sleepy,AVI_sluggish,,,AVI_still,,AVI_strong,AVI_surprised,,AVI_unhappy,,,,,,,,,,,,,,,,,,,,,,,,,,,,,,,,,,,,,,,,,,,,,,,,,,,,,,,,,,,,,,,,,,,,,,,,,,,,,,,,,,,,,,,,,,,,,,,,,,,,,,,,,,,,,,,,,,,,,,,,,,,,,,,,,,,,,,,,,,,,,,,,,,,,,,,,,,,,,,,,,,,,,,,,,,,,,,,
2017 Park,study1,,,,,,,ResponseID,age,gender01,ethni_r,,,,,,,,,,,,,,,,,,,,,,,,,,,,,,,,r.angr1,,,r.arou1,r.asha1,r.asto1,,,r.calm1,,,,r.contemptuous1,r.cont1,,r.disg1,,,r.dull1,r.elat1,,,r.ener1,r.enth1,r.euph1,r.exci1,r.fati1,r.fear1,,,r.guil1,r.happ1,r.host1,,r.idle1,r.inac1,,,,r.lone1,r.nerv1,r.noem1,r.pass1,r.peac1,,,,r.quie1,r.rela1,,r.rest1,r.sad1,r.sati1,r.sere1,r.slee1,r.slug1,,,r.stil1,r.stre1,r.stro1,r.surp1,,r.unha1,,,,,,,i.angr1,,,i.arou1,i.asha1,i.asto1,,,i.calm1,,,,i.contemptuous1,i.cont1,,i.disg1,,,i.dull1,i.elat1,,,i.ener1,i.enth1,i.euph1,i.exci1,i.fati1,i.fear1,,,i.guil1,i.happ1,i.host1,,i.idle1,i.inac1,,,,i.lone1,i.nerv1,i.noem1,i.pass1,i.peac1,,,,i.quie1,i.rela1,,i.rest1,i.sad1,i.sati1,i.sere1,i.slee1,i.slug1,,,i.stil1,i.stre1,i.stro1,i.surp1,,i.unha1,,,,,,,,,,,,,,,,,,,,,,,,,,,,,,,,,,,,,,,,,,,,,,,,,,,,,,,,,,,,,,,,,,,,,,,,,,,,,,,,,,,,,,,,,,,,,,,,,,,,,,,,,,,,,,,,,,,,,,,,,,,,,,,,,,,,,,,,,,,,,,,,,,,,,,,,,,,,,,,,,,,,,,,,,,,,,,,
2017 Park,study2,,,,,,,ResponseID,age,gender,Culture,,,,,,,,,,,,,,,,,,,,,,,,,,,,,,,,r.angr1,,,r.arou1,r.asha1,r.asto1,,,r.calm1,,,,r.contemptuous1,r.cont1,,r.disg1,,,r.dull1,r.elat1,,,r.ener1,r.enth1,r.euph1,r.exci1,r.fati1,r.fear1,,,r.guil1,r.happ1,r.host1,,r.idle1,r.inac1,,,,r.lone1,r.nerv1,r.noem1,r.pass1,r.peac1,,,,r.quie1,r.rela1,,r.rest1,r.sad1,r.sati1,r.sere1,r.slee1,r.slug1,,,r.stil1,r.stre1,r.stro1,r.surp1,,r.unha1,,,,,,,i.angr1,,,i.arou1,i.asha1,i.asto1,,,i.calm1,,,,i.contemptuous1,i.cont1,,i.disg1,,,i.dull1,i.elat1,,,i.ener1,i.enth1,i.euph1,i.exci1,i.fati1,i.fear1,,,i.guil1,i.happ1,i.host1,,i.idle1,i.inac1,,,,i.lone1,i.nerv1,i.noem1,i.pass1,i.peac1,,,,i.quie1,i.rela1,,i.rest1,i.sad1,i.sati1,i.sere1,i.slee1,i.slug1,,,i.stil1,i.stre1,i.stro1,i.surp1,,i.unha1,,,,,,,,,,,,,,,,,,,,,,,,,,,,,,,,,,,,,,,,,,,,,,,,,,,,,,,,,,,,,,,,,,,,,,,,,,,,,,,,,,,,,,,,,,,,,,,,,,,,,,,,,,,,,,,,,,,,,,,,,,,,,,,,,,,,,,,,,,,,,,,,,,,,,,,,,,,,,,,,,,,,,,,,,,,,,,,
2017 Chim,study1,,,,,,,subjid,age,gender,ethni,,,,,,,,,,,,,,,,,,,,,,,,,,,,,,,,,,,r.arou1,,r.asto1,,,r.calm1,,,,,r.cont1,,,,,r.dull1,r.elat1,,,,r.enth1,r.euph1,r.exci1,,r.fear1,,,,r.happ1,r.host1,,r.idle1,r.inac1,,,,r.lone1,r.nerv1,,r.pass1,r.peac1,,,,r.quie1,r.rela1,,r.rest1,r.sadx1,r.sati1,r.sere1,r.slee1,r.slug1,,,r.stil1,,r.stro1,r.surp1,,r.unha1,,,,,,,,,,i.arou1,,i.asto1,,,i.calm1,,,,,i.cont1,,,,,i.dull1,i.elat1,,,,i.enth1,i.euph1,i.exci1,,i.fear1,,,,i.happ1,i.host1,,i.idle1,i.inac1,,,,i.lone1,i.nerv1,,i.pass1,i.peac1,,,,i.quie1,i.rela1,,i.rest1,i.sadx1,i.sati1,i.sere1,i.slee1,i.slug1,,,i.stil1,,i.stro1,i.surp1,,i.unha1,,,,,,,,,,,,,,,,,,,,,,,,,,,,,,,,,,,,,,,,,,,,,,,,,,,,,,,,,,,,,,,,,,,,,,,,,,,,,,,,,,,,,,,,,,,,,,,,,,,,,,,,,,,,,,,,,,,,,,,,,,,,,,,,,,,,,,,,,,,,,,,,,,,,,,,,,,,,,,,,,,,,,,,,,,,,,,,
2017 Chim,study3,,,,,,,subjid,age,gender,ethni_all,,,,,,,,,,,,,,,,,,,,,,,,,,,,,,,,,,,,,,,,r.calm1,,,,,,,,,,,r.elat1,,,,r.enth1,r.euph1,r.exci1,,,,,,,,,,,,,,,,,,r.peac1,,,,,r.rela1,,,,,r.sere1,,,,,,,,,,,,,,,,,,,,,,,,,i.calm1,,,,,,,,,,,i.elat1,,,,i.enth1,i.euph1,i.exci1,,,,,,,,,,,,,,,,,,i.peac1,,,,,i.rela1,,,,,i.sere1,,,,,,,,,,,,,,,,,,,,,,,,,,,,,,,,,,,,,,,,,,,,,,,,,,,,,,,,,,,,,,,,,,,,,,,,,,,,,,,,,,,,,,,,,,,,,,,,,,,,,,,,,,,,,,,,,,,,,,,,,,,,,,,,,,,,,,,,,,,,,,,,,,,,,,,,,,,,,,,,,,,,,,,,,,,,,,,,,,,,,,,,,
2017 Chim,study4a,,,,,,,PID,Age,Gender,ethni_r,,,,,,,,,,,,,,,,,,,,,,,,,,,,,,,,r_angr1,,,r_arou1,r_asha1,r_asto1,,,r_calm1,,,,r_conp1,r_cont1,,r_disg1,,,r_dull1,r_elat1,,,,r_enth1,r_euph1,r_exci1,r_fati1,r_fear1,,,r_guil1,r_happ1,r_host1,,r_idle1,r_inac1,,,,r_lone1,r_nerv1,,r_pass1,r_peac1,,,,r_quie1,r_rela1,,r_rest1,r_sad1,r_sati1,r_sere1,r_slee1,r_slug1,,,r_stil1,r_stre1,r_stro1,r_surp1,,r_unha1,,,,,,,i_angr1,,,i_arou1,i_asha1,i_asto1,,,i_calm1,,,,i_conp1,i_cont1,,i_disg1,,,i_dull1,i_elat1,,,,i_enth1,i_euph1,i_exci1,i_fati1,i_fear1,,,i_guil1,i_happ1,i_host1,,i_idle1,i_inac1,,,,i_lone1,i_nerv1,,i_pass1,i_peac1,,,,i_quie1,i_rela1,,i_rest1,i_sad1,i_sati1,i_sere1,i_slee1,i_slug1,,,i_stil1,i_stre1,i_stro1,i_surp1,,i_unha1,,,,,,,,,,,,,,,,,,,,,,,,,,,,,,,,,,,,,,,,,,,,,,,,,,,,,,,,,,,,,,,,,,,,,,,,,,,,,,,,,,,,,,,,,,,,,,,,,,,,,,,,,,,,,,,,,,,,,,,,,,,,,,,,,,,,,,,,,,,,,,,,,,,,,,,,,,,,,,,,,,,,,,,,,,,,,,,
2017 Chim,study4b,,,,,,,PID,Age,Gender,Ethni_r,,,,,,,,,,,,,,,,,,,,,,,,,,,,,,,,r.angr,,,r.arou,r.asha,r.asto,,,r.calm,,,,r.conte,,,r.disg,,,r.dull,r.elat,,,r.ener,r.enth,r.euph,r.exci,r.fati,r.fear,,,r.guil,r.happ,r.host,,r.idle,r.inac,,,,r.lone,r.nerv,r.noem,r.pass,r.peac,,,,r.quie,r.rela,,r.rest,r.sadx,r.sati,r.sere,r.slee,r.slug,,,r.stil,r.stre,r.stro,r.surp,,r.unha,,,,,,,i.angr,,,i.arou,i.asha,i.asto,,,i.calm,,,,i.conte,,,i.disg,,,i.dull,i.elat,,,i.ener,i.enth,i.euph,i.exci,i.fati,i.fear,,,i.guil,i.happ,i.host,,i.idle,i.inac,,,,i.lone,i.nerv,i.noem,i.pass,i.peac,,,,i.quie,i.rela,,i.rest,i.sadx,i.sati,i.sere,i.slee,i.slug,,,i.stil,i.stre,i.stro,i.surp,,i.unha,,,,,,,,,,,,,,,,,,,,,,,,,,,,,,,,,,,,,,,,,,,,,,,,,,,,,,,,,,,,,,,,,,,,,,,,,,,,,,,,,,,,,,,,,,,,,,,,,,,,,,,,,,,,,,,,,,,,,,,,,,,,,,,,,,,,,,,,,,,,,,,,,,,,,,,,,,,,,,,,,,,,,,,,,,,,,,,
Unpublished Samanez-Larkin agerl,study1,,,,,,,Subject,Age,Sex,Ethnicity,,,,,,,,,,,,,,,,,,,,,,Household_income,,,,,,,,,,,,,Actually Feel: Aroused,,Actually Feel: Astonished,,,Actually Feel: Calm,,,,,Actually Feel: Content,,,,,Actually Feel: Dull,Actually Feel: Elated,,,,Actually Feel: Enthusiastic,Actually Feel: Euphoric,Actually Feel: Excited,,Actually Feel: Fearful,,,,Actually Feel: Happy,Actually Feel: Hostile,,Actually Feel: Idle,Actually Feel: Inactive,,,,Actually Feel: Lonely,Actually Feel: Nervous,,Actually Feel: Passive,Actually Feel: Peaceful,,,,Actually Feel: Quiet,Actually Feel: Relaxed,,Actually Feel: Rested,Actually Feel: Sad,Actually Feel: Satisfied,Actually Feel: Serene,Actually Feel: Sleepy,Actually Feel: Sluggish,,,Actually Feel: Still,,Actually Feel: Strong,Actually Feel: Surprised,,Actually Feel: Unhappy,,,,,,,,,,Ideally Feel: Aroused,,Ideally Feel: Astonished,,,Ideally Feel: Calm,,,,,Ideally Feel: Content,,,,,Ideally Feel: Dull,Ideally Feel: Elated,,,,Ideally Feel: Enthusiastic,Ideally Feel: Euphoric,Ideally Feel: Excited,,Ideally Feel: Fearful,,,,Ideally Feel: Happy,Ideally Feel: Hostile,,Ideally Feel: Idle,Ideally Feel: Inactive,,,,Ideally Feel: Lonely,Ideally Feel: Nervous,,Ideally Feel: Passive,Ideally Feel: Peaceful,,,,Ideally Feel: Quiet,Ideally Feel: Relaxed,,Ideally Feel: Rested,Ideally Feel: Sad,Ideally Feel: Satisfied,Ideally Feel: Serene,Ideally Feel: Sleepy,Ideally Feel: Sluggish,,,Ideally Feel: Still,,Ideally Feel: Strong,Ideally Feel: Surprised,,Ideally Feel: Unhappy,,,,,,,,,,,,,,,,,,,,,,,,,,,,,,,,,,,,,,,,,,,,,,,,,,,,,,,,,,,,,,,,,,,,,,,,,,,,,,,,,,,,,,,,,,,,,,,,,,,,,,,,,,,,,,,,,,,,,,,,,,,,,,,,,,,,,,,,,,,,,,,,HAP_actual,LAP_actual,HAN_actual,LAN_actual,P_actual,N_actual,HA_actual,LA_actual,HAP_ideal,LAP_actual,HAN_ideal,LAN_ideal,P_ideal,N_ideal,HA_ideal,LA_ideal,,,,,,,,,,,,,,,,
2017 Oosterhoff,study1,,,,,,,,q0202,q0201,q0204,,,,,,,,,,,,,,,,,,,,,,q0213,,,,,q0209,,,,,ACTUAL31,ACTUAL36,,ACTUAL25,ACTUAL58,ACTUAL2,,,ACTUAL23,ACTUAL52,,,ACTUAL40,ACTUAL15,,ACTUAL32,ACTUAL60,,ACTUAL4,ACTUAL9,,,ACTUAL54,ACTUAL1,ACTUAL19,ACTUAL7,,ACTUAL20,,,ACTUAL57,ACTUAL21,ACTUAL26,,ACTUAL22,ACTUAL17,ACTUAL56,,ACTUAL50,ACTUAL12,ACTUAL3,,ACTUAL14,ACTUAL29,,,,ACTUAL5,ACTUAL6,,ACTUAL28,ACTUAL18,ACTUAL27,ACTUAL30,ACTUAL10,ACTUAL16,,,ACTUAL11,,ACTUAL13,ACTUAL8,,ACTUAL24,,,,,,,IDEAL31,IDEAL37,,IDEAL25,IDEAL58,IDEAL2,,,IDEAL23,IDEAL52,,,IDEAL41,IDEAL15,,IDEAL32,IDEAL60,,IDEAL4,IDEAL9,,,IDEAL54,IDEAL1,IDEAL19,IDEAL7,,IDEAL20,,,IDEAL57,IDEAL21,IDEAL26,,IDEAL22,IDEAL17,IDEAL56,,IDEAL50,IDEAL12,IDEAL3,,IDEAL14,IDEAL29,,,,IDEAL5,IDEAL6,,IDEAL28,IDEAL18,IDEAL27,IDEAL30,IDEAL10,IDEAL16,,,IDEAL11,,IDEAL13,IDEAL8,,IDEAL24,,,,,,,,,,,,,,,,,,,,,,,,,,,,,,,,,,,,,,,,,,,,,,,,,,,,,,,,,,,,,,,,,,,,,,,,,,,,,,,,,,,,,,,,,,,,,,,,,,,,,,,,,,,,,,,,,,,,,,,,,,,,,,,,,,,,,,,,,,,,,,,,,,,,,,,,,,,,,,,,,,,,,,,,,,,,,,,
2018 Tsai,study1,,,,,,,subnum,age,gender,ethnic,,,,,,,,,,,,,,,,,,,,,,,,,,,,,,,,,,,,,,,,,,,,,,,,,,,,,,,,,,,,,,,,,,,,,,,,,,,,,,,,,,,,,,,,,,,,,,,,,,,,,,,,,,,,,,i_calGrc,,,,,,,,,,,,,,,i_entGrc,,,,,,,,,,,,,,,,,,,,,,,,,,,,,,,,,,,,,,,,,,,,,,,,,,,,,,,,,,,,,,,,,,,,,,,,,,,,,,,,,,,,,,,,,,,,,,,,,,,,,,,,,,,,,,,,,,,,,,,,,,,,,,,,,,,,,,,,,,,,,,,,,,,,,,,,,,,,,,,,,,,,,,,,,,,,,,,,,,,,,,,,rhap,rlap,rhan,rlan,,,,,ihap,ilap,ihan,ilan,,,,,rhapi,rlapi,rhani,rlani,,,,,ihapi,ilapi,ihani,ilani,,,,
2018 Tsai,study2,COND,,,,,,ID,Age,Gender,Ethn,,,,,,,,,,,,,,,,,,,,,,,,,,,Education,,,,,,,,r_arou,,r_asto,,,r_calm,,,,,r_cont,,,,,r_dull,r_elat,,,r_ener,r_enth,,r_exci,,r_fear,,,,r_happ,r_host,,r_idle,r_inac,,,,r_lone,r_nerv,,r_pass,r_peac,,,,r_quie,r_rela,,r_rest,r_sadx,r_sati,r_sere,r_slee,r_slug,,,r_stil,,r_stro,r_surp,,r_unha,,,,,,,,,,i_arou,,i_asto,,,i_calm,,,,,i_cont,,,,,i_dull,i_elat,,,i_ener,i_enth,,i_exci,,i_fear,,,,i_happ,i_host,,i_idle,i_inac,,,,i_lone,i_nerv,,i_pass,i_peac,,,,i_quie,i_rela,,i_rest,i_sadx,i_sati,i_sere,i_slee,i_slug,,,i_stil,,i_stro,i_surp,,i_unha,,,,,,,,,,r_aroui,,r_astoi,,,r_calmi,,,,,r_conti,,,,,r_dulli,r_elati,,,r_eneri,r_enthi,,r_excii,,r_feari,,,,r_happi,r_hosti,,r_idlei,r_inaci,,,,r_lonei,r_nervi,,r_passi,r_peaci,,,,r_quiei,r_relai,,r_resti,r_sadxi,r_satii,r_serei,r_sleei,r_slugi,,,r_stili,,r_stroi,r_surpi,,r_unhai,,,,,,,,,,i_aroui,,i_astoi,,,i_calmi,,,,,i_conti,,,,,i_dulli,i_elati,,,i_eneri,i_enthi,,i_excii,,i_feari,,,,i_happi,i_hosti,,i_idlei,i_inaci,,,,i_lonei,i_nervi,,i_passi,i_peaci,,,,i_quiei,i_relai,,i_resti,i_sadxi,i_satii,i_serei,i_sleei,i_slugi,,,i_stili,,i_stroi,i_surpi,,i_unhai,,,,rhap,rlap,rhan,rlan,rpos8,,,,ihap,ilap,ihan,ilan,ipos8,,,,r_hapi,r_lapi,,,,,,,i_hapi,i_lapi,,,,,,
2017 Oosterhoff,study3,,,,,,,ID,Age,Gender,Race,,,,,,,,,,,,,,,,,,,,,,,,,,,,,,,,,,,AVI9b,,AVI11b,,,AVI18b,,,,,AVI25b,,,,,AVI2b,AVI23b,,,,AVI1b,AVI7b,AVI3b,,AVI17b,,,,AVI27b,AVI19b,,AVI8b,AVI16b,,,,AVI24b,AVI21b,,AVI15b,AVI20b,,,,AVI12b,AVI22b,,AVI10b,AVI26b,AVI29b,AVI30b,AVI4b,AVI6b,,,AVI14b,,AVI5b,AVI13b,,AVI28b,,,,,,,,,,AVI9,,AVI11,,,AVI18,,,,,AVI25,,,,,AVI2,AVI23,,,,AVI1,AVI7,AVI3,,AVI17,,,,AVI27,AVI19,,AVI8,AVI16,,,,AVI24,AVI21,,AVI15,AVI20,,,,AVI12,AVI22,,AVI10,AVI26,AVI29,AVI30,AVI4,AVI6,,,AVI14,,AVI5,AVI13,,AVI28,,,,,,,,,,,,,,,,,,,,,,,,,,,,,,,,,,,,,,,,,,,,,,,,,,,,,,,,,,,,,,,,,,,,,,,,,,,,,,,,,,,,,,,,,,,,,,,,,,,,,,,,,,,,,,,,,,,,,,,,,,,,,,,,,,,,,,,,,,,,,,,,,,,,,,,,,,,,,,,,,,,,,,,,,,,,,,,
Unpublished Samanez-Larkin finra2,study1,,,,,,,Subject,age,sex,race,,,,,,,,,,,,,,,,,,,,,,,,,,,,,,,,,,,a$arou,,a$asto,,,a$calm,,,,,a$cont,,,,,a$dull,a$elat,,,,a$enth,a$euph,a$exci,,a$fear,,,,a$happ,a$host,,a$idle,a$inac,,,,a$lone,a$nerv,,a$pass,a$peac,,,,a$quie,a$rela,,a$rest,a$sad,a$sati,a$sere,a$slee,a$slug,,,a$stil,,a$stro,a$surp,,a$unha,,,,,,,,,,i$arou,,i$asto,,,i$calm,,,,,i$cont,,,,,i$dull,i$elat,,,,i$enth,i$euph,i$exci,,i$fear,,,,i$happ,i$host,,i$idle,i$inac,,,,i$lone,i$nerv,,i$pass,i$peac,,,,i$quie,i$rela,,i$rest,i$sad,i$sati,i$sere,i$slee,i$slug,,,i$stil,,i$stro,i$surp,,i$unha,,,,,,,,,,,,,,,,,,,,,,,,,,,,,,,,,,,,,,,,,,,,,,,,,,,,,,,,,,,,,,,,,,,,,,,,,,,,,,,,,,,,,,,,,,,,,,,,,,,,,,,,,,,,,,,,,,,,,,,,,,,,,,,,,,,,,,,,,,,,,,,,ahap,,ahan,,,,,,ihap,ilap,,,,,,,,,,,,,,,,,,,,,,
2019 Tsai,study3,,,,,,EndDate,ResponseID,Age,Gender,eth,Born,,MotherEthnicity,MotherBorn,,,,,,,,FatherEthnicity,FatherBorn,,,,,,,,,,,SES,income,,Education,,,,,,,,A_Aroused,,A_Astonished,,,A_Calm,,,,,A_Content,,,,,A_Dull,A_Elated,,,A_Energetic,A_Enthusiastic,A_Euphoric,A_Excited,,A_Fearful,,,,A_Happy,A_Hostile,,A_Idle,A_Inactive,,,,A_Lonely,A_Nervous,,A_Passive,A_Peaceful,,,,A_Quiet,A_Relaxed,,A_Rested,A_Sad,A_Satisfied,A_Serene,A_Sleepy,A_Sluggish,,,A_Still,,A_Strong,A_Surprised,,A_Unhappy,,,,,,,,,,I_Aroused,,I_Astonished,,,I_Calm,,,,,I_Content,,,,,I_Dull,I_Elated,,,I_Energetic,I_Enthusiastic,I_Euphoric,I_Excited,,I_Fearful,,,,I_Happy,I_Hostile,,I_Idle,I_Inactive,,,,I_Lonely,I_Nervous,,I_Passive,I_Peaceful,,,,I_Quiet,I_Relaxed,,I_Rested,I_Sad,I_Satisfied,I_Serene,I_Sleepy,I_Sluggish,,,I_Still,,I_Strong,I_Surprised,,I_Unhappy,,,,,,,,,,,,,,,,,,,,,,,,,,,,,,,,,,,,,,,,,,,,,,,,,,,,,,,,,,,,,,,,,,,,,,,,,,,,,,,,,,,,,,,,,,,,,,,,,,,,,,,,,,,,,,,,,,,,,,,,,,,,,,,,,,,,,,,,,,,,,,,,,,,,,,,,,,,,,,,,,,,,,,,,,,,,,,,
2018 Yamada,study1,,,,,,,SID,Q2,Gender,Q6,,,Q79,,,,,,,,,Q80,,,,,,,,,,,,,,,,,,,,,,,,,,,,,,,,,,,,,,,,,,,,,,,,,,,,,,,,,,,,,,,,,,,,,,,,,,,,,,,,,,,,,,,,,,,,,,,,,,,,,,,,,,,,,,,,,,,,,,,,,,,,,,,,,,,,,,,,,,,,,,,,,,,,,,,,,,,,,,,,,,,,,,,,,,,,,,,,,,,,,,,,,,,,,,,,,,,,,,,,,,,,,,,,,,,,,,,,,,,,,,,,,,,,,,,,,,,,,,,,,,,,,,,,,,,,,,,,,,,,,,,,,,,,,,,,,,,,,,,,,,,,,,,,,,,,,,,,,,,,,,,,,HAP,LAP,HAN,LAN,Pos,Neg,HA,LA,,,,,,,,,,,,,,,,
2014 Mortazavi,study1,,,,,,DateofLastSubmission,RespondentID,,Gender,Ethnicity,,,,,,,,,,,,,,,,,,,,,,V33_Whichofthefollowingmostaccuratelyreflectsyourfamilysann,,,,,,,,,,,,,V73_aroused,,V75_astonished,,,V83_calm,,,,,V90_content,,,,,V66_dull,V88_elated,,,,V65_enthusiastic,V71_euphoric,V67_excited,,V82_fearful,,,,V92_happy,V84_hostile,,V72_idle,V80_inactive,,,,V89_lonely,V86_nervous,,V79_passive,V85_peaceful,,,,V76_quiet,V87_relaxed,,V74_rested,V91_sad,V94_satisfied,V95_serene,V68_sleepy,V70_sluggish,,,V78_still,,V69_strong,V77_surprised,,V93_unhappy,,,,,,,,,,V43_aroused,,V45_astonished,,,V52_calm,,,,,V59_content,,,,,V36_dull,V57_elated,,,,V35_enthusiastic,V41_euphoric,V37_excited,,V51_fearful,,,,V61_happy,V53_hostile,,V42_idle,V50_inactive,,,,V58_lonely,V55_nervous,,V49_passive,V54_peaceful,,,,V46_quiet,V56_relaxed,,V44_rested,V60_sad,V63_satisfied,V64_serene,V38_sleepy,V40_sluggish,,,V48_still,,V39_strong,V47_surprised,,V62_unhappy,,,,,,,,,,,,,,,,,,,,,,,,,,,,,,,,,,,,,,,,,,,,,,,,,,,,,,,,,,,,,,,,,,,,,,,,,,,,,,,,,,,,,,,,,,,,,,,,,,,,,,,,,,,,,,,,,,,,,,,,,,,,,,,,,,,,,,,,,,,,,,,,,,,,,,,,,,,,,,,,,,,,,,,,,,,,,,,
2016 Da Jiang LTP,study11,,,,,,Date,subnum,EXACTAGE,gender,ethnicity,,,,,,,,,,,,,,,,,,,,,,Family_Income,,,Individual_Income,,,,,,,,,,,,,,,AVI_Actual_18,,,,,AVI_Actual_25,,,,,AVI_Actual_02,AVI_Actual_23,,,,AVI_Actual_01,AVI_Actual_07,AVI_Actual_03,,AVI_Actual_17,,,,AVI_Actual_27,AVI_Actual_19,,AVI_Actual_08,AVI_Actual_16,,,,AVI_Actual_24,AVI_Actual_21,,AVI_Actual_15,AVI_Actual_20,,,,AVI_Actual_12,AVI_Actual_22,,AVI_Actual_10,AVI_Actual_26,AVI_Actual_29,AVI_Actual_30,AVI_Actual_04,AVI_Actual_06,,,AVI_Actual_14,,AVI_Actual_05,AVI_Actual_13,,AVI_Actual_28,,,,,,AVI_Ideal_09,,,,,,AVI_Ideal_11,,,AVI_Ideal_18,,,,,AVI_Ideal_25,,,,,AVI_Ideal_02,AVI_Ideal_23,,,,AVI_Ideal_01,AVI_Ideal_07,AVI_Ideal_03,,AVI_Ideal_17,,,,AVI_Ideal_27,AVI_Ideal_19,,AVI_Ideal_08,AVI_Ideal_16,,,,AVI_Ideal_24,AVI_Ideal_21,,AVI_Ideal_15,AVI_Ideal_20,,,,AVI_Ideal_12,AVI_Ideal_22,,AVI_Ideal_10,AVI_Ideal_26,AVI_Ideal_29,AVI_Ideal_30,AVI_Ideal_04,AVI_Ideal_06,,,AVI_Ideal_14,,AVI_Ideal_05,AVI_Ideal_13,,AVI_Ideal_28,,,,,,,,,,,,,,,,,,,,,,,,,,,,,,,,,,,,,,,,,,,,,,,,,,,,,,,,,,,,,,,,,,,,,,,,,,,,,,,,,,,,,,,,,,,,,,,,,,,,,,,,,,,,,,,,,,,,,,,,,,,,,,,,,,,,,,,,,,,,,,,,AVI_Actual_HAP,AVI_Actual_LAP,,,,,,,AVI_Ideal_HAP,AVI_Ideal_LAP,,,,,,,,,,,,,,,,,,,,,,
2016 Da Jiang LTP,study12,,,,,,,subnum,EXACTAGE,gender,ethnicity,,,,,,,,,,,,,,,,,,,,,,,,,,,,,,,,,,,,,,,,AVI_Actual_18,,,,,AVI_Actual_25,,,,,AVI_Actual_02,AVI_Actual_23,,,,AVI_Actual_01,AVI_Actual_07,AVI_Actual_03,,AVI_Actual_17,,,,AVI_Actual_27,AVI_Actual_19,,AVI_Actual_08,AVI_Actual_16,,,,AVI_Actual_24,AVI_Actual_21,,AVI_Actual_15,AVI_Actual_20,,,,AVI_Actual_12,AVI_Actual_22,,AVI_Actual_10,AVI_Actual_26,AVI_Actual_29,AVI_Actual_30,AVI_Actual_04,AVI_Actual_06,,,AVI_Actual_14,,AVI_Actual_05,AVI_Actual_13,,AVI_Actual_28,,,,,,AVI_Ideal_09,,,,,,AVI_Ideal_11,,,AVI_Ideal_18,,,,,AVI_Ideal_25,,,,,AVI_Ideal_02,AVI_Ideal_23,,,,AVI_Ideal_01,AVI_Ideal_07,AVI_Ideal_03,,AVI_Ideal_17,,,,AVI_Ideal_27,AVI_Ideal_19,,AVI_Ideal_08,AVI_Ideal_16,,,,AVI_Ideal_24,AVI_Ideal_21,,AVI_Ideal_15,AVI_Ideal_20,,,,AVI_Ideal_12,AVI_Ideal_22,,AVI_Ideal_10,AVI_Ideal_26,AVI_Ideal_29,AVI_Ideal_30,AVI_Ideal_04,AVI_Ideal_06,,,AVI_Ideal_14,,AVI_Ideal_05,AVI_Ideal_13,,AVI_Ideal_28,,,,,,,,,,,,,,,,,,,,,,,,,,,,,,,,,,,,,,,,,,,,,,,,,,,,,,,,,,,,,,,,,,,,,,,,,,,,,,,,,,,,,,,,,,,,,,,,,,,,,,,,,,,,,,,,,,,,,,,,,,,,,,,,,,,,,,,,,,,,,,,,AVI_Actual_HAP,AVI_Actual_LAP,,,,,,,AVI_Ideal_HAP,AVI_Ideal_LAP,,,,,,,,,,,,,,,,,,,,,,
2016 Da Jiang LTP,study2,,,,,,,subject,exactage,gender_recode,Ethnicity,,,,,,,,,,,,,,,,,,,,,,Household_Income,,,Annual_Income,,,,,,,,,,,,,,,AVI_Actual_18,,,,,AVI_Actual_25,,,,,AVI_Actual_02,AVI_Actual_23,,,,AVI_Actual_01,AVI_Actual_07,AVI_Actual_03,,AVI_Actual_17,,,,AVI_Actual_27,AVI_Actual_19,,AVI_Actual_08,AVI_Actual_16,,,,AVI_Actual_24,AVI_Actual_21,,AVI_Actual_15,AVI_Actual_20,,,,AVI_Actual_12,AVI_Actual_22,,AVI_Actual_10,AVI_Actual_26,AVI_Actual_29,AVI_Actual_30,AVI_Actual_04,AVI_Actual_06,,,AVI_Actual_14,,AVI_Actual_05,AVI_Actual_13,,AVI_Actual_28,,,,,,AVI_Ideal_09,,,,,,AVI_Ideal_11,,,AVI_Ideal_18,,,,,AVI_Ideal_25,,,,,AVI_Ideal_02,AVI_Ideal_23,,,,AVI_Ideal_01,AVI_Ideal_07,AVI_Ideal_03,,AVI_Ideal_17,,,,AVI_Ideal_27,AVI_Ideal_19,,AVI_Ideal_08,AVI_Ideal_16,,,,AVI_Ideal_24,AVI_Ideal_21,,AVI_Ideal_15,AVI_Ideal_20,,,,AVI_Ideal_12,AVI_Ideal_22,,AVI_Ideal_10,AVI_Ideal_26,AVI_Ideal_29,AVI_Ideal_30,AVI_Ideal_04,AVI_Ideal_06,,,AVI_Ideal_14,,AVI_Ideal_05,AVI_Ideal_13,,AVI_Ideal_28,,,,,,,,,,,,,,,,,,,,,,,,,,,,,,,,,,,,,,,,,,,,,,,,,,,,,,,,,,,,,,,,,,,,,,,,,,,,,,,,,,,,,,,,,,,,,,,,,,,,,,,,,,,,,,,,,,,,,,,,,,,,,,,,,,,,,,,,,,,,,,,,,,,,,,,,,,,,,,,,,,,,,,,,,,,,,,,
2016 Da Jiang FTP,study3,,,,,,,subject,exactage,gender_recode,Ethnicity,,,,,,,,,,,,,,,,,,,,,,Household_Income,,,Annual_Income,,,,,,,,,,,,,,,AVI_Actual_18,,,,,AVI_Actual_25,,,,,AVI_Actual_02,AVI_Actual_23,,,,AVI_Actual_01,AVI_Actual_07,AVI_Actual_03,,AVI_Actual_17,,,,AVI_Actual_27,AVI_Actual_19,,AVI_Actual_08,AVI_Actual_16,,,,AVI_Actual_24,AVI_Actual_21,,AVI_Actual_15,AVI_Actual_20,,,,AVI_Actual_12,AVI_Actual_22,,AVI_Actual_10,AVI_Actual_26,AVI_Actual_29,AVI_Actual_30,AVI_Actual_04,AVI_Actual_06,,,AVI_Actual_14,,AVI_Actual_05,AVI_Actual_13,,AVI_Actual_28,,,,,,AVI_Ideal_09,,,,,,AVI_Ideal_11,,,AVI_Ideal_18,,,,,AVI_Ideal_25,,,,,AVI_Ideal_02,AVI_Ideal_23,,,,AVI_Ideal_01,AVI_Ideal_07,AVI_Ideal_03,,AVI_Ideal_17,,,,AVI_Ideal_27,AVI_Ideal_19,,AVI_Ideal_08,AVI_Ideal_16,,,,AVI_Ideal_24,AVI_Ideal_21,,AVI_Ideal_15,AVI_Ideal_20,,,,AVI_Ideal_12,AVI_Ideal_22,,AVI_Ideal_10,AVI_Ideal_26,AVI_Ideal_29,AVI_Ideal_30,AVI_Ideal_04,AVI_Ideal_06,,,AVI_Ideal_14,,AVI_Ideal_05,AVI_Ideal_13,,AVI_Ideal_28,,,,,,,,,,,,,,,,,,,,,,,,,,,,,,,,,,,,,,,,,,,,,,,,,,,,,,,,,,,,,,,,,,,,,,,,,,,,,,,,,,,,,,,,,,,,,,,,,,,,,,,,,,,,,,,,,,,,,,,,,,,,,,,,,,,,,,,,,,,,,,,,ahap33,alap33,,,,,,,ihap33,ilap33,,,,,,,Zahap33,Zalap33,,,,,,,Zihap33,Zilap33,,,,,,
2016 Da Jiang FTP,study1,,,,,,Date,subnum,EXACTAGE,gender,ethnicity,,,,,,,,,,,,,,,,,,,,,,Family_Income,,,Individual_Income,,,,,,,,,,,,,,,AVI_Actual_18,,,,,AVI_Actual_25,,,,,AVI_Actual_02,AVI_Actual_23,,,,AVI_Actual_01,AVI_Actual_07,AVI_Actual_03,,AVI_Actual_17,,,,AVI_Actual_27,AVI_Actual_19,,AVI_Actual_08,AVI_Actual_16,,,,AVI_Actual_24,AVI_Actual_21,,AVI_Actual_15,AVI_Actual_20,,,,AVI_Actual_12,AVI_Actual_22,,AVI_Actual_10,AVI_Actual_26,AVI_Actual_29,AVI_Actual_30,AVI_Actual_04,AVI_Actual_06,,,AVI_Actual_14,,AVI_Actual_05,AVI_Actual_13,,AVI_Actual_28,,,,,,AVI_Ideal_09,,,,,,AVI_Ideal_11,,,AVI_Ideal_18,,,,,AVI_Ideal_25,,,,,AVI_Ideal_02,AVI_Ideal_23,,,,AVI_Ideal_01,AVI_Ideal_07,AVI_Ideal_03,,AVI_Ideal_17,,,,AVI_Ideal_27,AVI_Ideal_19,,AVI_Ideal_08,AVI_Ideal_16,,,,AVI_Ideal_24,AVI_Ideal_21,,AVI_Ideal_15,AVI_Ideal_20,,,,AVI_Ideal_12,AVI_Ideal_22,,AVI_Ideal_10,AVI_Ideal_26,AVI_Ideal_29,AVI_Ideal_30,AVI_Ideal_04,AVI_Ideal_06,,,AVI_Ideal_14,,AVI_Ideal_05,AVI_Ideal_13,,AVI_Ideal_28,,,,,,,,,,,,,,,,,,,,,,,,,,,,,,,,,,,,,,,,,,,,,,,,,,,,,,,,,,,,,,,,,,,,,,,,,,,,,,,,,,,,,,,,,,,,,,,,,,,,,,,,,,,,,,,,,,,,,,,,,,,,,,,,,,,,,,,,,,,,,,,,,,,,,,,,,,,,,,,,,,,,,,,,,,,,,,,
2016 Da Jiang FTP,study2,,,,,,,subnum,EXACTAGE,gender,ethnicity,,,,,,,,,,,,,,,,,,,,,,,,,,,,,,,,,,,,,,,,AVI_Actual_18,,,,,AVI_Actual_25,,,,,AVI_Actual_02,AVI_Actual_23,,,,AVI_Actual_01,AVI_Actual_07,AVI_Actual_03,,AVI_Actual_17,,,,AVI_Actual_27,AVI_Actual_19,,AVI_Actual_08,AVI_Actual_16,,,,AVI_Actual_24,AVI_Actual_21,,AVI_Actual_15,AVI_Actual_20,,,,AVI_Actual_12,AVI_Actual_22,,AVI_Actual_10,AVI_Actual_26,AVI_Actual_29,AVI_Actual_30,AVI_Actual_04,AVI_Actual_06,,,AVI_Actual_14,,AVI_Actual_05,AVI_Actual_13,,AVI_Actual_28,,,,,,AVI_Ideal_09,,,,,,AVI_Ideal_11,,,AVI_Ideal_18,,,,,AVI_Ideal_25,,,,,AVI_Ideal_02,AVI_Ideal_23,,,,AVI_Ideal_01,AVI_Ideal_07,AVI_Ideal_03,,AVI_Ideal_17,,,,AVI_Ideal_27,AVI_Ideal_19,,AVI_Ideal_08,AVI_Ideal_16,,,,AVI_Ideal_24,AVI_Ideal_21,,AVI_Ideal_15,AVI_Ideal_20,,,,AVI_Ideal_12,AVI_Ideal_22,,AVI_Ideal_10,AVI_Ideal_26,AVI_Ideal_29,AVI_Ideal_30,AVI_Ideal_04,AVI_Ideal_06,,,AVI_Ideal_14,,AVI_Ideal_05,AVI_Ideal_13,,AVI_Ideal_28,,,,,,,,,,,,,,,,,,,,,,,,,,,,,,,,,,,,,,,,,,,,,,,,,,,,,,,,,,,,,,,,,,,,,,,,,,,,,,,,,,,,,,,,,,,,,,,,,,,,,,,,,,,,,,,,,,,,,,,,,,,,,,,,,,,,,,,,,,,,,,,,,,,,,,,,,,,,,,,,,,,,,,,,,,,,,,,
2019 Li,study1,,,,,,,,Age,Gender,Race/Ethnicity,Country_Born1,,,,,,,,,,,,,,,,,,,,,,,,,,,,,,,,,,,,,,,,,,,,,,,,,,,,,,,,,,,,,,,,,,,,,,,,,,,,,,,,,,,,,,,,,,,,,,,,,,,,,IA_neg_anger,,,,,,,,,,,,,IA_pos_contentment,,,,,,,,,,,,,,IA_neg_fear,,,IA_neg_guilt,,,,,,,,IA_pos_joy,,,,,,,,IA_pos_pride,,,,,IA_neg_sadness,,,,,,,,,,,,,,,,,,,,,,,,,,,,,,,,,,,,,,,,,,,,,,,,,,,,,,,,,,,,,,,,,,,,,,,,,,,,,,,,,,,,,,,,,,,,,,,,,,,,,,,,,,,,,,,,,,,,,,,,,,,,,,,,,,,,,,,,,,,,,,,,,,,,,,,,,,,,,,,,,,,,,,,,,,,,,,,,,,,,,,,,,,,